t,clock,sys_cpu,sys_ram_pct,sys_ram_used_mb,backend_cpu,backend_ram_mb,go2rtc_cpu,go2rtc_ram_mb,go2rtc_procs,ffmpeg_procs,go2rtc_streams_live,go2rtc_consumers,ai_active,ai_frames_recv,ai_frames_proc,ai_infer_ms_avg,ai_src_alive,ws_clients,exec_active,exec_submitted,exec_completed,recordings_active,threads
0.0,21:50:23,0.0,73.8,12454,0.0,262,0.0,0,0,2,0,0,0,0,0,0.0,0,0,11,0,0,0,9
2.0,21:50:25,36.4,74.2,12512,29.9,333,0.0,0,0,4,0,0,0,0,0,0.0,0,0,17,0,0,0,17
4.1,21:50:27,32.9,74.7,12593,90.0,411,0.0,0,0,4,0,0,0,0,0,0.0,0,0,17,0,0,0,17
6.1,21:50:29,29.9,74.7,12598,17.7,424,0.0,16,1,4,7,0,0,0,0,0.0,0,0,17,0,0,0,17
8.1,21:50:31,44.7,75.3,12696,287.9,517,0.0,16,1,4,7,0,0,0,0,0.0,0,0,16,0,0,0,16
10.1,21:50:33,34.6,75.3,12697,4.6,551,0.8,17,1,4,7,0,0,0,0,0.0,0,0,17,0,0,1,17
12.2,21:50:35,52.1,76.3,12866,226.0,601,2.3,51,3,10,7,1,1,0,0,0.0,0,0,17,0,0,1,17
14.2,21:50:37,40.7,79.2,13351,5.4,616,57.1,385,3,10,7,3,1,1,0,0.0,1,0,17,0,0,1,17
16.2,21:50:39,38.7,79.3,13382,6.9,617,17.7,391,3,10,7,3,1,13,0,0.0,1,0,17,0,0,1,17
18.3,21:50:41,37.0,79.4,13397,5.4,617,33.2,391,3,10,7,3,1,24,0,0.0,1,0,17,0,0,1,17
20.3,21:50:43,47.4,80.2,13534,3.8,617,25.3,387,3,10,7,3,1,35,0,0.0,1,0,17,0,0,1,17
22.3,21:50:45,32.1,80.1,13514,20.1,617,18.5,387,3,10,7,3,1,47,0,0.0,1,0,18,0,0,1,18
24.4,21:50:47,35.2,80.1,13506,21.4,618,33.7,387,3,10,7,3,1,58,0,0.0,1,0,17,0,0,1,17
26.4,21:50:49,38.8,80.3,13552,26.7,619,43.0,461,7,14,7,5,1,70,0,0.0,1,0,17,0,0,1,17
28.5,21:50:52,40.5,84.4,14236,6.5,618,170.9,1111,7,14,7,5,1,82,0,0.0,1,0,17,0,0,1,17
30.9,21:50:54,38.0,83.7,14115,10.9,613,136.0,1113,7,14,7,7,1,93,0,0.0,1,0,17,0,0,1,17
33.1,21:50:56,35.5,84.6,14263,8.8,614,135.8,1123,7,14,7,7,1,104,0,0.0,1,0,17,0,0,1,17
35.3,21:50:58,36.2,84.6,14271,7.1,614,129.3,1118,7,14,7,7,1,116,0,0.0,1,0,17,0,0,1,17
37.4,21:51:00,35.9,84.5,14255,8.1,614,128.4,1118,7,14,7,7,1,128,0,0.0,1,0,17,0,0,1,17
39.5,21:51:03,35.4,84.4,14230,9.4,614,125.0,1118,7,14,7,7,1,140,0,0.0,1,0,17,0,0,1,17
41.7,21:51:05,36.8,85.0,14343,16.1,613,109.1,1118,7,14,7,7,1,152,0,0.0,1,0,17,0,0,1,17
43.8,21:51:07,36.8,85.1,14353,12.4,614,116.8,1118,7,14,7,7,1,163,0,0.0,1,0,17,0,0,1,17
45.9,21:51:09,36.8,85.2,14363,11.7,614,122.7,1119,7,14,7,7,1,174,0,0.0,1,0,17,0,0,1,17
48.1,21:51:11,37.1,85.6,14441,12.6,613,127.5,1119,7,14,7,7,1,186,0,0.0,1,0,17,0,0,1,17
50.2,21:51:13,38.3,85.2,14372,11.0,614,120.0,1119,7,14,7,7,1,196,0,0.0,1,0,17,0,0,1,17
52.3,21:51:15,37.9,85.4,14400,7.7,613,96.2,1119,7,14,7,7,1,208,0,0.0,1,0,17,0,0,1,17
54.4,21:51:17,38.5,85.3,14381,10.1,614,125.4,1119,7,14,7,7,1,220,0,0.0,1,0,17,0,0,1,17
56.6,21:51:20,33.6,85.4,14396,8.5,614,126.1,1119,7,14,7,7,1,231,0,0.0,1,0,17,0,0,1,17
58.7,21:51:22,38.2,84.9,14316,16.1,614,117.7,1128,7,14,7,7,1,242,0,0.0,1,0,17,0,0,1,17
60.9,21:51:24,37.5,84.7,14284,6.0,614,141.5,1128,7,14,7,7,1,252,0,0.0,1,0,17,0,0,1,17
63.0,21:51:26,36.8,84.6,14276,10.0,614,124.4,1129,7,14,7,7,1,263,0,0.0,1,0,17,0,0,1,17
65.2,21:51:28,34.8,84.6,14266,12.3,614,130.2,1124,7,14,7,7,1,274,0,0.0,1,0,17,0,0,1,17
67.3,21:51:30,32.6,84.6,14262,9.4,613,134.4,1124,7,14,7,7,1,287,0,0.0,1,0,17,0,0,1,17
69.5,21:51:32,38.3,84.4,14240,8.6,614,131.7,1124,7,14,7,7,1,298,0,0.0,1,0,17,0,0,1,17
71.6,21:51:35,37.9,84.6,14262,10.6,614,91.1,1124,7,14,7,7,1,310,0,0.0,1,0,17,0,0,1,17
73.7,21:51:37,37.8,84.7,14279,13.0,614,63.4,1125,7,14,7,7,1,322,0,0.0,1,0,17,0,0,1,17
75.7,21:51:39,38.3,85.3,14393,9.3,614,79.6,1125,7,14,7,7,1,333,0,0.0,1,0,17,0,0,1,17
77.7,21:51:41,40.1,85.3,14383,9.2,614,84.7,1125,7,14,7,7,1,344,0,0.0,1,0,17,0,0,1,17
79.8,21:51:43,36.7,85.5,14426,6.1,614,77.1,1125,7,14,7,7,1,356,0,0.0,1,0,17,0,0,1,17
81.8,21:51:45,40.4,85.7,14449,9.8,614,82.2,1125,7,14,7,7,1,368,0,0.0,1,0,17,0,0,1,17
83.9,21:51:47,47.9,78.2,13197,6.9,614,22.2,388,3,10,7,3,1,380,0,0.0,1,0,17,0,0,1,17
85.9,21:51:49,34.3,78.1,13178,12.2,614,12.2,388,3,10,7,3,1,392,0,0.0,1,0,17,0,0,1,17
88.0,21:51:51,31.4,78.1,13179,5.4,614,17.6,389,3,10,7,3,1,403,0,0.0,1,0,17,0,0,1,17
90.0,21:51:53,29.5,78.1,13173,3.1,614,16.2,389,3,10,7,3,1,414,0,0.0,1,0,17,0,0,1,17
92.1,21:51:55,29.8,78.2,13193,3.1,613,14.7,389,3,10,7,3,1,426,0,0.0,1,0,17,0,0,1,17
94.1,21:51:57,30.8,78.2,13196,6.9,613,23.0,389,3,10,7,3,1,438,0,0.0,1,0,17,0,0,1,17
96.1,21:51:59,34.2,78.3,13210,6.9,614,16.8,389,3,10,7,3,1,449,0,0.0,1,0,17,0,0,1,17
98.2,21:52:01,32.2,78.8,13299,3.0,614,13.1,389,3,10,7,3,1,461,0,0.0,1,0,17,0,0,1,17
100.2,21:52:03,36.2,79.7,13436,5.4,614,31.6,389,3,10,7,3,1,473,0,0.0,1,0,17,0,0,1,17
102.2,21:52:05,35.4,79.6,13423,8.5,614,16.1,389,3,10,7,3,1,484,0,0.0,1,0,17,0,0,1,17
104.3,21:52:07,34.6,79.5,13413,6.9,614,13.8,389,3,10,7,3,1,496,0,0.0,1,0,17,0,0,1,17
106.3,21:52:09,30.5,79.6,13430,6.1,614,16.0,389,3,10,7,3,1,508,0,0.0,1,0,17,0,0,1,17
108.3,21:52:11,37.2,79.6,13426,32.1,614,26.0,389,3,10,7,3,1,519,0,0.0,1,0,17,0,0,1,17
110.4,21:52:13,38.9,80.1,13512,13.1,613,19.2,462,7,14,7,3,1,531,0,0.0,1,0,17,0,0,1,17
112.4,21:52:15,43.6,84.8,14299,7.6,613,165.6,1146,7,14,7,5,1,543,0,0.0,1,0,17,0,0,1,17
114.7,21:52:18,36.1,85.0,14343,15.5,613,126.5,1148,7,14,7,7,1,555,0,0.0,1,0,17,0,0,1,17
116.8,21:52:20,37.3,84.9,14326,8.4,613,116.8,1148,7,14,7,7,1,566,0,0.0,1,0,17,0,0,1,17
118.9,21:52:22,35.7,85.0,14330,8.2,614,117.8,1137,7,14,7,7,1,578,0,0.0,1,0,17,0,0,1,17
121.0,21:52:24,36.6,85.0,14336,11.5,613,123.8,1137,7,14,7,7,1,589,0,0.0,1,0,17,0,0,1,17
123.1,21:52:26,34.6,85.0,14343,9.2,613,125.9,1137,7,14,7,7,1,601,0,0.0,1,0,17,0,0,1,17
125.1,21:52:28,36.3,85.0,14342,11.2,613,113.5,1137,7,14,7,7,1,612,0,0.0,1,0,17,0,0,1,17
127.2,21:52:30,38.1,85.1,14348,12.0,614,108.2,1137,7,14,7,7,1,622,0,0.0,1,0,19,0,0,1,19
129.3,21:52:32,37.0,84.6,14267,11.3,613,134.3,1134,7,14,7,7,1,632,0,0.0,1,0,17,0,0,1,17
131.7,21:52:35,36.1,84.5,14259,145.6,614,109.0,1135,7,14,7,7,1,635,1,1942.2,1,0,17,0,0,1,17
134.1,21:52:37,36.7,84.5,14250,160.9,620,105.7,1135,7,14,7,7,1,636,2,1855.1,1,0,17,0,0,1,17
136.6,21:52:40,35.6,84.6,14267,156.4,618,115.5,1136,7,14,7,7,1,637,3,1856.7,1,0,17,0,0,1,17
139.1,21:52:42,39.0,84.8,14306,144.2,618,120.8,1136,7,14,7,7,1,642,4,1857.6,1,0,17,0,0,1,17
141.6,21:52:45,35.2,84.5,14260,169.5,620,120.4,1136,7,14,7,7,1,643,5,1823.9,1,0,17,0,0,1,17
144.0,21:52:47,36.4,84.5,14258,147.6,619,107.6,1136,7,14,7,7,1,644,6,1818.6,1,0,17,0,0,1,17
146.6,21:52:50,36.0,84.5,14257,154.9,621,114.2,1136,7,14,7,7,1,645,7,1901.3,1,0,22,1,0,1,22
149.1,21:52:52,37.0,84.5,14257,142.6,616,117.8,1136,7,14,7,7,1,657,8,1920.1,1,0,22,1,0,1,22
151.6,21:52:55,36.7,84.5,14260,99.8,615,113.8,1136,7,14,7,7,1,669,8,1920.1,1,0,22,1,0,1,22
153.6,21:52:57,36.2,84.5,14245,12.0,615,130.0,1136,7,14,7,7,1,680,8,1920.1,1,0,22,1,0,1,22
155.7,21:52:59,38.5,84.4,14240,10.2,615,131.0,1136,7,14,7,7,1,692,8,1920.1,1,0,22,1,0,1,22
157.9,21:53:01,36.7,85.0,14337,9.1,615,115.7,1136,7,14,7,7,1,704,8,1920.1,1,0,22,1,0,1,22
159.9,21:53:03,33.8,85.1,14351,9.1,616,131.3,1136,7,14,7,7,1,715,8,1920.1,1,0,22,1,0,1,22
162.0,21:53:05,33.8,84.9,14315,8.9,617,127.4,1136,7,14,7,7,1,727,8,1920.1,1,0,22,1,0,1,22
164.1,21:53:07,38.6,84.8,14310,10.2,617,132.3,1136,7,14,7,7,1,739,8,1920.1,1,0,22,1,0,1,22
166.3,21:53:09,35.2,85.1,14354,9.0,617,128.8,1136,7,14,7,7,1,750,8,1920.1,1,0,22,1,1,1,22
168.5,21:53:12,39.7,84.9,14323,6.7,617,123.4,1136,7,14,7,7,1,762,8,1920.1,1,0,22,1,1,1,22
170.7,21:53:14,35.6,84.9,14325,10.2,617,123.0,1136,7,14,7,7,1,773,8,1920.1,1,0,22,1,1,1,22
172.8,21:53:16,35.8,85.1,14359,13.0,617,119.3,1136,7,14,7,7,1,786,8,1920.1,1,0,22,1,1,1,22
175.0,21:53:18,37.4,84.9,14324,11.0,617,129.9,1136,7,14,7,7,1,798,8,1920.1,1,0,22,1,1,1,22
177.1,21:53:20,37.2,84.9,14311,9.6,617,131.5,1136,7,14,7,7,1,809,8,1920.1,1,0,22,1,1,1,22
179.2,21:53:22,37.6,84.8,14300,4.2,617,121.1,1136,7,14,7,7,1,821,8,1920.1,1,0,22,1,1,1,22
181.4,21:53:24,33.0,77.6,13081,5.4,616,15.3,390,3,10,7,3,1,833,8,1920.1,1,0,22,1,1,1,22
183.5,21:53:27,33.7,78.1,13176,3.1,617,12.3,390,3,10,7,3,1,845,8,1920.1,1,0,22,1,1,1,22
185.5,21:53:29,38.1,79.1,13345,15.2,617,40.9,390,3,10,7,3,1,857,8,1920.1,1,0,22,1,1,1,22
187.6,21:53:31,35.4,79.0,13316,9.8,617,43.6,390,3,10,7,3,1,868,8,1920.1,1,0,22,1,1,1,22
189.6,21:53:33,41.6,78.3,13199,15.3,616,36.4,390,3,10,7,3,1,880,8,1920.1,1,0,22,1,1,1,22
191.7,21:53:35,37.7,78.3,13203,15.0,617,46.7,390,3,10,7,3,1,892,8,1920.1,1,0,22,1,1,1,22
193.8,21:53:37,37.2,78.2,13196,12.2,616,44.8,390,3,10,7,3,1,904,8,1920.1,1,0,22,1,1,1,22
195.8,21:53:39,31.9,78.3,13199,12.2,616,43.2,390,3,10,7,3,1,915,8,1920.1,1,0,22,1,1,1,22
197.9,21:53:41,35.0,78.2,13184,51.3,616,45.2,389,3,10,7,3,1,927,8,1920.1,1,0,23,1,1,1,23
200.0,21:53:43,33.9,78.2,13189,30.6,616,37.3,389,3,10,7,3,1,939,8,1920.1,1,0,22,1,1,1,22
202.1,21:53:45,35.2,78.3,13202,34.1,616,44.0,463,7,14,7,5,1,950,8,1920.1,1,0,22,1,1,1,22
204.2,21:53:47,37.4,81.8,13798,9.8,617,75.8,668,5,12,7,5,1,962,8,1920.1,1,0,22,1,1,1,22
206.4,21:53:49,35.1,78.2,13194,11.7,616,46.7,463,7,14,7,4,1,974,8,1920.1,1,0,22,1,1,1,22
208.5,21:53:52,40.6,80.6,13590,11.8,616,100.2,805,7,14,7,5,1,986,8,1920.1,1,0,22,1,1,1,22
210.6,21:53:54,36.9,82.5,13913,8.9,617,161.1,1058,7,14,7,5,1,998,8,1920.1,1,0,22,1,1,1,22
212.7,21:53:56,39.8,83.4,14066,10.6,616,162.8,1115,7,14,7,7,1,1011,8,1920.1,1,0,22,1,1,1,22
214.9,21:53:58,38.9,78.6,13258,10.5,616,44.8,463,7,14,7,5,1,1022,8,1920.1,1,0,22,1,1,1,22
217.0,21:54:00,36.1,80.2,13535,11.2,616,105.2,733,7,14,7,5,1,1034,8,1920.1,1,0,22,1,1,1,22
219.1,21:54:02,36.0,82.6,13936,10.1,616,42.9,390,3,10,7,5,1,1046,8,1920.1,1,0,22,1,1,1,22
221.3,21:54:04,35.7,77.5,13075,10.5,617,45.6,390,3,10,7,3,1,1057,8,1920.1,1,0,22,1,1,1,22
223.3,21:54:06,35.5,77.7,13101,9.7,615,34.1,390,3,10,7,3,1,1069,8,1920.1,1,0,22,1,1,1,22
225.4,21:54:08,34.4,77.7,13099,7.6,616,48.2,390,3,10,7,3,1,1080,8,1920.1,1,0,22,1,1,1,22
227.5,21:54:11,34.3,77.8,13128,11.4,615,46.8,390,3,10,7,3,1,1092,8,1920.1,1,0,22,1,1,1,22
229.6,21:54:13,37.0,77.9,13135,6.1,616,43.9,390,3,10,7,3,1,1103,8,1920.1,1,0,22,1,1,1,22
231.6,21:54:15,32.2,78.0,13149,6.8,615,28.9,390,3,10,7,3,1,1115,8,1920.1,1,0,22,1,1,1,22
233.7,21:54:17,31.1,78.0,13155,10.7,616,23.7,390,3,10,7,3,1,1126,8,1920.1,1,0,22,1,1,1,22
235.7,21:54:19,35.0,78.0,13155,9.8,616,18.2,390,3,10,7,3,1,1138,8,1920.1,1,0,22,1,1,1,22
237.8,21:54:21,33.2,78.0,13154,13.1,616,27.6,390,3,10,7,3,1,1150,8,1920.1,1,0,22,1,1,1,22
239.8,21:54:23,31.9,78.0,13157,9.2,615,26.7,390,3,10,7,3,1,1162,8,1920.1,1,0,22,1,1,1,22
241.9,21:54:25,30.4,78.0,13156,8.3,616,28.0,390,3,10,7,3,1,1173,8,1920.1,1,0,22,1,1,1,22
244.0,21:54:27,31.5,78.0,13148,6.1,583,28.9,390,3,8,7,3,1,1185,8,1920.1,1,0,22,1,1,1,22
246.0,21:54:29,36.1,78.1,13179,8.4,619,19.0,390,3,10,7,2,1,1195,8,1920.1,1,0,22,1,1,1,22
248.1,21:54:31,34.2,78.0,13159,11.5,619,17.5,390,3,10,7,3,1,1207,8,1920.1,1,0,22,1,1,1,22
250.1,21:54:33,35.7,78.0,13149,13.0,619,31.3,390,3,10,7,3,1,1219,8,1920.1,1,0,22,1,1,1,22
252.2,21:54:35,29.9,78.0,13156,9.2,619,16.0,390,3,10,7,3,1,1231,8,1920.1,1,0,22,1,1,1,22
254.2,21:54:37,29.2,78.3,13200,6.1,620,21.2,390,3,10,7,3,1,1241,8,1920.1,1,0,22,1,1,1,22
256.3,21:54:39,32.6,78.0,13152,9.9,620,24.3,390,3,10,7,3,1,1251,8,1920.1,1,0,22,1,1,1,22
258.3,21:54:41,34.7,78.0,13148,6.1,619,21.5,390,3,10,7,3,1,1263,8,1920.1,1,0,22,1,1,1,22
260.4,21:54:43,31.2,78.0,13149,7.7,620,13.8,390,3,10,7,3,1,1274,8,1920.1,1,0,22,1,1,1,22
262.4,21:54:45,30.5,78.6,13250,10.7,620,15.2,390,3,10,7,3,1,1285,8,1920.1,1,0,22,1,1,1,22
264.5,21:54:47,38.7,78.0,13152,10.7,620,22.8,389,3,10,7,3,1,1297,8,1920.1,1,0,22,1,1,1,22
266.5,21:54:50,31.0,77.9,13145,10.7,620,38.9,389,3,10,7,3,1,1308,8,1920.1,1,0,22,1,1,1,22
268.6,21:54:52,34.9,77.9,13146,12.1,620,39.8,389,3,10,7,3,1,1319,8,1920.1,1,0,22,1,1,1,22
270.6,21:54:54,30.1,77.9,13143,10.6,620,48.1,389,3,10,7,3,1,1331,8,1920.1,1,0,22,1,1,1,22
272.7,21:54:56,34.9,77.9,13143,10.7,620,38.0,389,3,10,7,3,1,1343,8,1920.1,1,0,22,1,1,1,22
274.8,21:54:58,29.8,77.9,13145,12.1,620,46.8,389,3,10,7,3,1,1355,8,1920.1,1,0,22,1,1,1,22
276.8,21:55:00,31.7,77.9,13145,13.7,619,43.4,389,3,10,7,3,1,1367,8,1920.1,1,0,22,1,1,1,22
278.9,21:55:02,36.2,78.2,13190,9.1,620,45.8,390,3,10,7,3,1,1379,8,1920.1,1,0,22,1,1,1,22
281.0,21:55:04,35.5,78.6,13251,9.8,620,64.1,390,3,10,7,3,1,1391,8,1920.1,1,0,22,1,1,1,22
283.1,21:55:06,34.6,78.6,13250,13.0,619,47.1,389,3,10,7,3,1,1403,8,1920.1,1,0,22,1,1,1,22
285.1,21:55:08,33.2,78.6,13254,7.7,620,44.2,389,3,10,7,3,1,1414,8,1920.1,1,0,22,1,1,1,22
287.2,21:55:10,34.3,78.6,13261,7.6,620,47.7,389,3,10,7,3,1,1426,8,1920.1,1,0,22,1,1,1,22
289.2,21:55:12,34.6,78.5,13246,7.7,619,43.7,390,3,10,7,3,1,1436,8,1920.1,1,0,22,1,1,1,22
291.3,21:55:14,29.7,78.5,13243,7.6,619,28.3,390,3,10,7,3,1,1448,8,1920.1,1,0,22,1,1,1,22
293.3,21:55:16,32.6,78.4,13227,8.4,619,16.9,390,3,10,7,3,1,1459,8,1920.1,1,0,22,1,1,1,22
295.4,21:55:18,33.0,78.5,13234,6.2,620,30.8,390,3,10,7,3,1,1470,8,1920.1,1,0,22,1,1,1,22
297.4,21:55:20,35.9,78.5,13236,12.2,620,24.4,390,3,10,7,3,1,1481,8,1920.1,1,0,22,1,1,1,22
299.4,21:55:22,35.7,78.4,13224,7.7,619,22.2,390,3,10,7,3,1,1493,8,1920.1,1,0,22,1,1,1,22
301.5,21:55:25,33.8,78.4,13225,7.6,620,21.3,390,3,10,7,3,1,1505,8,1920.1,1,0,22,1,1,1,22
303.5,21:55:27,32.1,78.5,13235,6.1,620,28.4,390,3,10,7,3,1,1517,8,1920.1,1,0,22,1,1,1,22
305.6,21:55:29,32.4,78.5,13234,9.1,620,14.5,390,3,10,7,3,1,1529,8,1920.1,1,0,22,1,1,1,22
307.6,21:55:31,29.8,78.4,13229,4.6,620,22.2,390,3,10,7,3,1,1541,8,1920.1,1,0,22,1,1,1,22
309.7,21:55:33,33.1,78.4,13229,8.3,620,22.7,390,3,10,7,3,1,1553,8,1920.1,1,0,22,1,1,1,22
311.7,21:55:35,36.0,78.3,13204,15.2,620,38.6,390,3,10,7,3,1,1564,8,1920.1,1,0,22,1,1,1,22
313.8,21:55:37,33.9,78.2,13192,14.4,620,38.6,390,3,10,7,3,1,1576,8,1920.1,1,0,22,1,1,1,22
315.9,21:55:39,30.4,78.2,13197,13.2,620,51.4,390,3,10,7,3,1,1588,8,1920.1,1,0,22,1,1,1,22
318.0,21:55:41,37.2,78.2,13194,10.6,621,43.9,390,3,10,7,3,1,1600,8,1920.1,1,0,22,1,1,1,22
320.1,21:55:43,36.1,78.3,13200,11.3,621,34.7,390,3,10,7,3,1,1611,8,1920.1,1,0,22,1,1,1,22
322.1,21:55:45,31.4,78.2,13195,11.9,621,41.2,390,3,10,7,3,1,1623,8,1920.1,1,0,22,1,1,1,22
324.2,21:55:47,33.0,78.2,13198,11.1,621,42.0,390,3,10,7,3,1,1635,8,1920.1,1,0,22,1,1,1,22
326.3,21:55:49,33.0,78.2,13190,14.1,621,50.4,390,3,10,7,3,1,1647,8,1920.1,1,0,22,1,1,1,22
328.4,21:55:51,32.2,78.2,13196,9.7,621,42.6,391,3,10,7,3,1,1659,8,1920.1,1,0,22,1,1,1,22
330.5,21:55:54,35.1,78.3,13199,9.9,621,51.5,391,3,10,7,3,1,1671,8,1920.1,1,0,22,1,1,1,22
332.6,21:55:56,32.7,78.4,13221,12.3,621,52.5,464,7,14,7,5,1,1683,8,1920.1,1,0,22,1,1,1,22
334.6,21:55:58,38.9,84.3,14218,8.8,621,178.1,1140,7,14,7,5,1,1694,8,1920.1,1,0,22,1,1,1,22
336.7,21:56:00,37.6,83.9,14148,9.7,620,113.3,1140,7,14,7,7,1,1705,8,1920.1,1,0,22,1,1,1,22
338.8,21:56:02,32.9,83.8,14137,9.5,621,128.2,1141,7,14,7,7,1,1716,8,1920.1,1,0,22,1,1,1,22
341.0,21:56:04,34.4,83.8,14127,12.3,621,117.7,1137,7,14,7,7,1,1728,8,1920.1,1,0,22,1,1,1,22
343.1,21:56:06,33.1,83.7,14122,13.7,621,125.7,1137,7,14,7,7,1,1740,8,1920.1,1,0,22,1,1,1,22
345.2,21:56:08,34.9,83.7,14115,4.4,621,127.4,1138,7,14,7,7,1,1751,8,1920.1,1,0,22,1,1,1,22
347.3,21:56:10,34.8,83.8,14127,13.2,621,120.9,1138,7,14,7,7,1,1763,8,1920.1,1,0,22,1,1,1,22
349.4,21:56:12,35.1,83.7,14116,14.4,621,132.1,1138,7,14,7,7,1,1775,8,1920.1,1,0,22,1,1,1,22
351.6,21:56:15,37.5,83.7,14123,7.5,621,123.2,1138,7,14,7,7,1,1787,8,1920.1,1,0,22,1,1,1,22
353.7,21:56:17,33.3,83.7,14112,8.2,620,114.1,1138,7,14,7,7,1,1799,8,1920.1,1,0,22,1,1,1,22
355.8,21:56:19,34.7,83.7,14117,11.9,621,116.5,1138,7,14,7,7,1,1810,8,1920.1,1,0,22,1,1,1,22
357.9,21:56:21,36.0,83.7,14124,11.5,622,133.7,1138,7,14,7,7,1,1822,8,1920.1,1,0,22,1,1,1,22
360.0,21:56:23,35.6,83.7,14122,13.8,621,119.8,1138,7,14,7,7,1,1834,8,1920.1,1,0,22,1,1,1,22
362.2,21:56:25,35.9,83.8,14143,13.6,710,120.5,1139,7,14,7,6,1,1845,8,1920.1,1,0,22,1,1,1,22
364.3,21:56:27,38.4,83.7,14114,9.6,620,129.1,1139,7,14,7,6,1,1858,8,1920.1,1,0,22,1,1,1,22
366.4,21:56:29,36.3,83.7,14113,12.5,620,104.4,1139,7,14,7,7,1,1869,8,1920.1,1,0,22,1,1,1,22
368.5,21:56:32,36.5,83.7,14117,10.8,621,131.1,1139,7,14,7,7,1,1881,8,1920.1,1,0,22,1,1,1,22
370.6,21:56:34,36.3,83.7,14116,10.7,621,116.6,1139,7,14,7,7,1,1893,8,1920.1,1,0,22,1,1,1,22
372.7,21:56:36,34.9,78.8,13293,12.9,621,57.8,428,5,12,7,7,1,1904,8,1920.1,1,0,22,1,1,1,22
374.8,21:56:38,36.4,81.3,13719,11.4,621,132.1,763,5,12,7,5,1,1916,8,1920.1,1,0,22,1,1,1,22
376.8,21:56:40,35.2,81.3,13710,11.1,621,78.9,763,5,12,7,5,1,1927,8,1920.1,1,0,22,1,1,1,22
378.9,21:56:42,35.5,81.2,13701,7.6,621,78.3,763,5,12,7,6,1,1939,8,1920.1,1,0,22,1,1,1,22
381.0,21:56:44,33.1,81.2,13692,6.9,621,36.6,759,5,12,7,6,1,1951,8,1920.1,1,0,22,1,1,1,22
383.0,21:56:46,33.9,81.2,13690,6.2,620,27.8,759,5,12,7,6,1,1962,8,1920.1,1,0,22,1,1,1,22
385.0,21:56:48,36.8,81.2,13693,6.1,620,49.7,759,5,12,7,6,1,1974,8,1920.1,1,0,22,1,1,1,22
387.1,21:56:50,35.5,81.1,13685,8.4,621,48.5,759,5,12,7,6,1,1985,8,1920.1,1,0,22,1,1,1,22
389.1,21:56:52,34.7,81.1,13687,9.8,621,53.4,759,5,12,7,6,1,1997,8,1920.1,1,0,22,1,1,1,22
391.2,21:56:54,34.7,81.1,13684,6.6,621,53.9,759,5,12,7,6,1,2009,8,1920.1,1,0,22,1,1,1,22
393.3,21:56:56,36.3,78.5,13239,8.3,621,45.3,464,7,14,7,6,1,2020,8,1920.1,1,0,22,1,1,1,22
395.4,21:56:58,38.1,79.9,13475,7.7,621,95.7,697,7,14,7,5,1,2032,8,1920.1,1,0,22,1,1,1,22
397.4,21:57:00,40.8,87.1,14698,2.3,621,106.5,1256,7,14,7,5,1,2043,8,1920.1,1,0,22,1,1,1,22
399.5,21:57:03,39.2,87.2,14714,9.2,621,71.2,1264,7,14,7,7,1,2054,8,1920.1,1,0,22,1,1,1,22
401.6,21:57:05,37.9,87.3,14724,8.5,620,77.5,1264,7,14,7,7,1,2065,8,1920.1,1,0,22,1,1,1,22
403.6,21:57:07,36.5,87.2,14712,6.2,621,81.0,1263,7,14,7,7,1,2077,8,1920.1,1,0,22,1,1,1,22
405.6,21:57:09,34.0,87.3,14717,8.4,621,65.4,1263,7,14,7,7,1,2088,8,1920.1,1,0,22,1,1,1,22
407.6,21:57:11,36.3,87.2,14715,9.2,620,80.2,1263,7,14,7,7,1,2099,8,1920.1,1,0,22,1,1,1,22
409.7,21:57:13,35.3,87.3,14728,8.4,621,86.9,1263,7,14,7,7,1,2110,8,1920.1,1,0,22,1,1,1,22
411.8,21:57:15,33.2,87.5,14751,8.9,621,85.8,1264,7,14,7,7,1,2121,8,1920.1,1,0,22,1,1,1,22
413.9,21:57:17,33.7,87.5,14759,6.1,620,99.6,1264,7,14,7,7,1,2133,8,1920.1,1,0,22,1,1,1,22
415.9,21:57:19,33.5,87.5,14764,10.7,620,81.0,1264,7,14,7,7,1,2145,8,1920.1,1,0,22,1,1,1,22
418.0,21:57:21,37.0,87.5,14758,9.8,620,93.7,1264,7,14,7,7,1,2157,8,1920.1,1,0,22,1,1,1,22
420.2,21:57:23,37.2,87.4,14748,15.7,620,80.1,1264,7,14,7,7,1,2170,8,1920.1,1,0,22,1,1,1,22
422.2,21:57:25,32.6,87.4,14749,8.9,620,95.8,1264,7,14,7,7,1,2182,8,1920.1,1,0,22,1,1,1,22
424.3,21:57:27,37.5,87.5,14755,9.9,621,76.0,1264,7,14,7,7,1,2193,8,1920.1,1,0,22,1,1,1,22
426.4,21:57:29,33.2,87.5,14756,11.9,620,85.0,1264,7,14,7,8,1,2205,8,1920.1,1,0,22,1,1,1,22
428.5,21:57:32,36.6,89.0,15014,12.5,620,90.9,1264,7,14,7,8,1,2216,8,1920.1,1,0,22,1,1,1,22
430.7,21:57:34,39.9,89.1,15025,32.8,628,85.4,1264,7,14,7,8,1,2228,8,1920.1,1,0,23,1,1,1,23
432.8,21:57:36,37.2,89.1,15033,38.3,635,85.3,1265,7,14,7,8,1,2239,8,1920.1,1,0,26,1,1,1,26
435.0,21:57:38,36.2,89.1,15032,134.7,642,88.2,1265,7,14,7,8,1,2245,8,1920.1,1,0,22,1,1,1,22
437.4,21:57:40,36.8,89.1,15026,222.2,641,76.0,1266,7,14,7,8,1,2247,10,1796.7,1,0,22,1,1,1,22
439.8,21:57:43,37.4,89.1,15034,216.2,641,75.5,1275,7,14,7,8,1,2259,11,1742.8,1,0,26,1,1,1,26
442.2,21:57:45,38.0,89.1,15031,138.7,642,73.3,1276,7,14,7,8,1,2264,11,1742.8,1,0,22,1,1,1,22
444.7,21:57:48,37.4,89.1,15032,220.7,640,66.1,1276,7,14,7,8,1,2266,13,1706.9,1,0,23,2,1,1,23
447.0,21:57:50,38.2,89.1,15023,212.8,636,70.7,1272,7,14,7,8,1,2277,14,1664.4,1,0,24,2,1,1,24
449.4,21:57:52,37.2,89.1,15027,71.6,636,91.3,1272,7,14,7,8,1,2288,14,1664.4,1,0,23,2,1,1,23
451.5,21:57:55,37.4,89.0,15016,19.7,637,87.5,1272,7,14,7,8,1,2300,14,1664.4,1,0,24,2,1,1,24
453.7,21:57:57,38.9,88.9,14996,11.3,636,89.2,1272,7,14,7,8,1,2311,14,1664.4,1,0,23,2,1,1,23
455.8,21:57:59,36.7,88.7,14963,12.6,638,89.2,1272,7,14,7,8,1,2322,14,1664.4,1,0,23,2,1,1,23
457.9,21:58:01,37.5,88.3,14895,9.7,637,84.2,1272,7,14,7,8,1,2334,14,1664.4,1,0,23,2,1,1,23
460.0,21:58:03,35.3,87.8,14811,6.1,637,99.0,1272,7,14,7,8,1,2346,14,1664.4,1,0,23,2,1,1,23
462.1,21:58:05,38.9,87.1,14699,9.7,637,80.9,1272,7,14,7,8,1,2358,14,1664.4,1,0,23,2,2,1,23
464.2,21:58:07,39.0,86.8,14638,11.8,637,91.6,1272,7,14,7,8,1,2370,14,1664.4,1,0,23,2,2,1,23
466.3,21:58:09,38.6,86.4,14572,8.3,638,79.7,1272,7,14,7,8,1,2381,14,1664.4,1,0,23,2,2,1,23
468.4,21:58:11,36.3,86.2,14534,11.1,638,76.0,1272,7,14,7,8,1,2393,14,1664.4,1,0,23,2,2,1,23
470.5,21:58:13,37.6,85.5,14426,10.9,638,90.8,1272,7,14,7,8,1,2405,14,1664.4,1,0,23,2,2,1,23
472.6,21:58:16,39.3,85.2,14372,7.4,638,78.9,1272,7,14,7,8,1,2417,14,1664.4,1,0,23,2,2,1,23
474.7,21:58:18,39.2,84.9,14319,9.7,639,84.8,1272,7,14,7,8,1,2428,14,1664.4,1,0,23,2,2,1,23
476.8,21:58:20,36.3,84.4,14230,80.5,641,86.1,1272,7,14,7,8,1,2438,14,1664.4,1,0,23,2,2,1,23
479.1,21:58:22,37.4,84.4,14230,175.8,603,65.3,1272,7,12,7,8,1,2439,15,1657.8,1,0,23,3,2,1,23
481.6,21:58:25,38.0,84.1,14180,167.1,633,73.5,1262,7,14,7,7,1,2441,17,1660.3,1,0,23,3,2,1,23
484.0,21:58:27,37.7,83.5,14082,190.1,632,72.4,1262,7,14,7,8,1,2453,17,1660.3,1,0,23,3,2,1,23
486.4,21:58:29,37.8,83.0,13997,21.2,630,72.8,1262,7,14,7,8,1,2465,17,1660.3,1,0,23,3,2,1,23
488.4,21:58:31,36.7,82.5,13921,7.4,632,80.9,1271,7,14,7,8,1,2476,17,1660.3,1,0,23,3,2,1,23
490.5,21:58:34,34.5,82.6,13926,7.7,665,91.0,1271,7,16,7,8,1,2488,17,1660.3,1,0,23,3,2,1,23
492.6,21:58:36,35.5,82.6,13926,7.6,665,79.0,1271,7,16,7,8,1,2499,17,1660.3,1,0,23,3,2,1,23
494.6,21:58:38,37.6,82.8,13969,9.1,665,79.3,1285,7,16,7,8,1,2511,17,1660.3,1,0,23,3,2,1,23
496.7,21:58:40,37.1,82.8,13971,9.2,665,84.0,1285,7,16,7,8,1,2522,17,1660.3,1,0,23,3,2,1,23
498.7,21:58:42,45.4,82.8,13972,9.2,665,83.7,1285,7,16,7,8,1,2534,17,1660.3,1,0,23,3,2,1,23
500.7,21:58:44,36.2,82.8,13970,10.4,632,77.8,1277,7,14,7,8,1,2545,17,1660.3,1,0,23,3,2,1,23
502.8,21:58:46,37.7,82.8,13972,10.6,632,88.0,1277,7,14,7,8,1,2557,17,1660.3,1,0,23,3,2,1,23
504.9,21:58:48,36.1,82.8,13970,12.6,632,88.2,1277,7,14,7,8,1,2568,17,1660.3,1,0,23,3,2,1,23
507.0,21:58:50,35.7,82.8,13963,14.5,632,88.9,1277,7,14,7,8,1,2580,17,1660.3,1,0,23,3,3,1,23
509.0,21:58:52,39.1,82.8,13970,14.8,632,73.4,1277,7,14,7,8,1,2591,17,1660.3,1,0,23,3,3,1,23
511.2,21:58:54,36.7,82.8,13964,9.1,632,75.8,1277,7,14,7,8,1,2603,17,1660.3,1,0,23,3,3,1,23
513.2,21:58:56,33.3,82.8,13968,9.5,632,92.2,1277,7,14,7,8,1,2614,17,1660.3,1,0,23,3,3,1,23
515.4,21:58:58,36.5,82.8,13964,11.2,632,87.5,1277,7,14,7,8,1,2626,17,1660.3,1,0,23,3,3,1,23
517.5,21:59:00,34.8,82.8,13963,10.4,631,78.2,1277,7,14,7,8,1,2638,17,1660.3,1,0,23,3,3,1,23
519.5,21:59:03,36.9,80.4,13557,6.9,582,37.8,915,5,10,7,6,0,0,0,0.0,0,0,21,3,3,1,21
521.6,21:59:05,35.1,80.4,13565,4.5,582,33.4,915,5,10,7,6,0,0,0,0.0,0,0,21,3,3,1,21
523.7,21:59:07,34.0,80.4,13565,2.3,582,45.5,915,5,10,7,6,0,0,0,0.0,0,0,21,3,3,1,21
525.8,21:59:09,34.7,80.5,13572,155.7,617,41.1,951,7,14,7,7,1,0,0,0.0,0,0,23,3,3,1,23
528.2,21:59:11,38.7,80.5,13585,179.2,617,80.8,984,7,14,7,7,1,0,0,0.0,0,0,23,3,3,1,23
530.2,21:59:13,35.5,82.0,13823,4.6,617,99.0,1193,7,14,7,7,1,0,0,0.0,0,0,23,3,3,1,23
532.3,21:59:15,35.7,82.8,13958,12.3,633,137.6,1281,7,14,7,8,1,7,0,0.0,1,0,23,3,3,1,23
534.6,21:59:18,36.7,82.7,13953,5.1,634,88.7,1281,7,14,7,8,1,19,0,0.0,1,0,23,3,3,1,23
536.7,21:59:20,35.7,82.8,13968,46.9,650,92.4,1281,7,14,7,8,1,29,0,0.0,1,0,24,3,3,1,24
538.8,21:59:22,37.5,83.2,14028,10.2,644,72.9,1277,7,14,7,8,1,40,0,0.0,1,0,23,3,3,1,23
540.9,21:59:24,37.0,82.8,13966,7.6,644,77.4,1277,7,14,7,8,1,52,0,0.0,1,0,23,3,3,1,23
543.0,21:59:26,40.5,82.9,13979,12.4,644,79.3,1278,7,14,7,8,1,63,0,0.0,1,0,23,3,3,1,23
545.2,21:59:28,38.3,83.1,14009,12.6,644,80.4,1278,7,14,7,8,1,75,0,0.0,1,0,23,3,3,1,23
547.3,21:59:30,36.1,83.0,14007,9.9,644,77.4,1278,7,14,7,8,1,87,0,0.0,1,0,23,3,3,1,23
549.3,21:59:32,37.0,83.1,14012,12.1,660,81.3,1278,7,14,7,8,1,99,0,0.0,1,0,24,3,3,1,24
551.4,21:59:34,36.5,83.3,14051,9.9,660,86.0,1278,7,14,7,8,1,111,0,0.0,1,0,23,3,3,1,23
553.5,21:59:36,35.1,83.1,14016,11.8,684,80.9,1278,7,14,7,8,1,123,0,0.0,1,0,23,3,3,1,23
555.6,21:59:39,36.0,83.4,14072,13.1,703,91.2,1278,7,14,7,8,1,135,0,0.0,1,0,23,3,3,1,23
557.7,21:59:41,38.4,83.4,14067,13.7,703,82.6,1279,7,14,7,9,1,147,0,0.0,1,0,23,3,3,1,23
559.8,21:59:43,36.9,83.4,14067,12.3,703,83.7,1279,7,14,7,9,1,158,0,0.0,1,0,23,3,3,1,23
561.8,21:59:45,39.0,83.4,14067,8.5,703,75.9,1279,7,14,7,9,1,170,0,0.0,1,0,23,3,3,1,23
563.8,21:59:47,38.2,83.5,14080,11.4,703,89.6,1279,7,14,7,9,1,182,0,0.0,1,0,23,3,3,1,23
565.9,21:59:49,38.1,83.5,14075,14.4,703,81.3,1279,7,14,7,9,1,193,0,0.0,1,0,23,3,3,1,23
568.0,21:59:51,37.5,83.9,14147,17.5,703,79.3,1279,7,14,7,9,1,205,0,0.0,1,0,24,3,3,1,24
570.2,21:59:53,41.9,84.0,14175,9.4,703,76.8,1279,7,14,7,9,1,216,0,0.0,1,0,23,3,3,1,23
572.4,21:59:55,39.4,83.9,14150,11.9,703,84.4,1279,7,14,7,9,1,228,0,0.0,1,0,23,3,3,1,23
574.5,21:59:58,39.0,83.9,14150,13.2,703,76.4,1279,7,14,7,9,1,238,0,0.0,1,0,23,3,3,1,23
576.6,22:00:00,40.4,83.9,14158,11.4,703,95.0,1279,7,14,7,9,1,251,0,0.0,1,0,23,3,3,1,23
578.8,22:00:02,38.5,84.0,14165,13.2,703,86.9,1279,7,14,7,9,1,263,0,0.0,1,0,23,3,3,1,23
580.9,22:00:04,39.6,83.9,14150,11.8,703,90.7,1279,7,14,7,9,1,275,0,0.0,1,0,23,3,3,1,23
583.0,22:00:06,38.7,83.9,14151,9.6,644,83.3,1279,7,14,7,9,1,287,0,0.0,1,0,23,3,3,1,23
585.1,22:00:08,40.5,84.0,14176,39.7,658,73.3,1279,7,14,7,9,1,297,0,0.0,1,0,24,3,3,1,24
587.2,22:00:10,38.5,84.1,14179,5.4,658,81.9,1279,7,14,7,9,1,309,0,0.0,1,0,23,3,3,1,23
589.2,22:00:12,40.1,84.0,14175,7.7,658,65.7,1279,7,14,7,9,1,321,0,0.0,1,0,23,3,3,1,23
591.3,22:00:14,39.9,84.1,14178,8.4,659,63.8,1279,7,14,7,9,1,332,0,0.0,1,0,23,3,3,1,23
593.3,22:00:16,35.7,84.1,14188,6.2,659,78.2,1279,7,14,7,9,1,343,0,0.0,1,0,23,3,3,1,23
595.3,22:00:18,37.1,84.1,14182,3.8,659,64.2,1279,7,14,7,9,1,355,0,0.0,1,0,23,3,3,1,23
597.4,22:00:20,41.8,87.0,14682,8.4,1247,53.7,1279,7,14,7,9,1,365,0,0.0,1,0,23,3,3,1,23
599.4,22:00:22,43.9,83.1,14023,5.9,552,83.9,1276,7,14,7,9,1,376,0,0.0,1,0,23,3,3,1,23
601.5,22:00:25,40.7,84.2,14195,11.6,553,76.7,1276,7,14,7,9,1,387,0,0.0,1,0,23,3,3,1,23
603.7,22:00:27,42.3,84.1,14187,11.5,553,73.9,1276,7,14,7,9,1,399,0,0.0,1,0,23,3,3,1,23
605.8,22:00:29,38.9,83.9,14147,10.3,553,80.0,1276,7,14,7,9,1,411,0,0.0,1,0,23,3,3,1,23
607.9,22:00:31,37.7,83.6,14106,10.4,553,75.0,1276,7,14,7,9,1,423,0,0.0,1,0,23,3,3,1,23
610.1,22:00:33,38.3,83.5,14091,7.3,553,90.3,1277,7,14,7,9,1,435,0,0.0,1,0,23,3,3,1,23
612.2,22:00:35,39.8,83.4,14067,8.0,553,70.7,1277,7,14,7,9,1,447,0,0.0,1,0,23,3,3,1,23
614.3,22:00:37,39.8,83.4,14066,11.1,553,69.8,1277,7,14,7,9,1,458,0,0.0,1,0,23,3,3,1,23
616.4,22:00:39,39.7,82.1,13846,6.2,553,82.7,1277,7,14,7,9,1,469,0,0.0,1,0,23,3,3,1,23
618.4,22:00:41,34.5,82.0,13828,12.4,553,88.5,1277,7,14,7,9,1,481,0,0.0,1,0,23,3,3,1,23
620.5,22:00:43,35.4,82.0,13829,8.3,553,107.6,1277,7,14,7,9,1,492,0,0.0,1,0,23,3,3,1,23
622.5,22:00:46,38.4,82.0,13835,8.0,553,76.9,1277,7,14,7,9,1,504,0,0.0,1,0,23,3,3,1,23
624.7,22:00:48,35.4,82.0,13834,14.5,553,97.4,1277,7,14,7,9,1,515,0,0.0,1,0,23,3,3,1,23
626.7,22:00:50,33.9,82.0,13826,20.4,553,89.7,1277,7,14,7,9,1,527,0,0.0,1,0,23,3,3,1,23
628.8,22:00:52,35.2,81.7,13777,15.3,553,111.2,1277,7,14,7,9,1,539,0,0.0,1,0,23,3,3,1,23
630.8,22:00:54,37.1,70.9,11956,3.8,553,52.4,423,5,12,7,9,1,551,0,0.0,1,0,23,3,3,1,23
632.9,22:00:56,32.7,74.7,12594,14.4,553,115.7,772,5,12,7,5,1,562,0,0.0,1,0,23,3,3,1,23
635.0,22:00:58,34.4,74.8,12623,15.8,553,88.8,786,5,12,7,6,1,574,0,0.0,1,0,23,3,3,1,23
637.0,22:01:00,35.1,74.9,12637,9.8,553,93.9,822,7,14,7,6,1,586,0,0.0,1,0,23,3,3,1,23
639.1,22:01:02,33.9,79.0,13324,15.4,554,137.5,1172,7,14,7,7,1,598,0,0.0,1,0,23,3,3,1,23
641.2,22:01:04,35.5,79.5,13403,12.9,553,112.5,1189,7,14,7,8,1,610,0,0.0,1,0,23,3,3,1,23
643.3,22:01:06,39.4,79.2,13350,11.9,553,105.7,1189,7,14,7,8,1,621,0,0.0,1,0,23,3,3,1,23
645.4,22:01:08,32.9,70.7,11926,12.2,553,51.9,458,7,14,7,8,1,632,0,0.0,1,0,23,3,3,1,23
647.4,22:01:10,33.8,75.2,12679,8.0,552,154.3,984,7,14,7,6,1,644,0,0.0,1,0,23,3,3,1,23
650.0,22:01:13,37.3,75.3,12701,12.7,553,124.3,999,7,14,7,8,1,656,0,0.0,1,0,23,3,3,1,23
652.1,22:01:15,38.5,75.3,12701,10.4,553,119.7,1000,7,14,7,8,1,667,0,0.0,1,0,23,3,3,1,23
654.1,22:01:17,37.0,75.3,12704,11.2,553,134.6,1000,7,14,7,8,1,679,0,0.0,1,0,23,3,3,1,23
656.2,22:01:19,37.0,75.3,12701,9.0,553,120.1,1000,7,14,7,8,1,691,0,0.0,1,0,23,3,3,1,23
658.4,22:01:21,39.4,75.4,12711,7.3,553,131.7,1039,9,16,7,9,1,702,0,0.0,1,0,23,3,3,1,23
660.4,22:01:23,39.4,78.1,13175,8.1,553,194.7,1513,9,16,7,9,1,714,0,0.0,1,0,23,3,3,1,23
662.8,22:01:26,38.9,80.3,13548,11.3,552,148.3,1514,9,16,7,10,1,727,0,0.0,1,0,23,3,3,1,23
664.8,22:01:28,40.9,80.0,13488,8.3,553,131.7,1015,7,14,7,10,1,738,0,0.0,1,0,23,3,3,1,23
666.9,22:01:30,38.8,75.8,12777,10.6,553,113.9,1048,9,16,7,10,1,749,0,0.0,1,0,23,3,3,1,23
669.0,22:01:32,39.0,75.5,12731,9.4,553,171.3,1079,9,16,7,9,1,762,0,0.0,1,0,23,3,3,1,23
671.1,22:01:34,38.5,76.9,12964,10.9,552,179.8,1271,9,16,7,9,1,774,0,0.0,1,0,23,3,3,1,23
673.3,22:01:36,40.7,77.4,13052,11.8,552,129.4,1011,7,14,7,9,1,786,0,0.0,1,0,23,3,3,1,23
675.4,22:01:38,39.4,75.4,12713,7.7,552,125.6,1011,7,14,7,9,1,798,0,0.0,1,0,23,3,3,1,23
677.5,22:01:40,35.8,75.3,12709,12.7,552,122.1,1011,7,14,7,8,1,809,0,0.0,1,0,23,3,3,1,23
679.6,22:01:43,37.5,75.6,12752,9.6,553,127.7,1011,7,14,7,8,1,821,0,0.0,1,0,23,3,3,1,23
681.8,22:01:45,40.2,75.5,12740,13.2,553,115.3,1011,7,14,7,8,1,833,0,0.0,1,0,23,3,3,1,23
683.9,22:01:47,35.0,75.5,12738,12.8,553,127.0,1011,7,14,7,8,1,845,0,0.0,1,0,23,3,3,1,23
686.0,22:01:49,33.2,75.5,12734,10.7,553,144.0,1011,7,14,7,8,1,857,0,0.0,1,0,23,3,3,1,23
688.2,22:01:51,40.0,75.6,12746,3.7,553,145.2,1011,7,14,7,8,1,868,0,0.0,1,0,23,3,3,1,23
690.3,22:01:53,35.6,75.7,12765,9.9,553,128.2,1011,7,14,7,8,1,880,0,0.0,1,0,23,3,3,1,23
692.3,22:01:55,33.1,75.6,12745,10.4,553,144.3,1012,7,14,7,8,1,890,0,0.0,1,0,23,3,3,1,23
694.4,22:01:57,33.5,75.5,12740,9.2,553,159.4,1012,7,14,7,8,1,901,0,0.0,1,0,23,3,3,1,23
696.5,22:02:00,36.1,75.5,12735,8.7,553,150.3,1012,7,14,7,8,1,913,0,0.0,1,0,23,3,3,1,23
698.6,22:02:02,36.6,75.5,12737,12.5,553,135.7,1012,7,14,7,8,1,924,0,0.0,1,0,23,3,3,1,23
700.8,22:02:04,35.9,75.6,12744,10.1,553,123.8,1012,7,14,7,8,1,935,0,0.0,1,0,23,3,3,1,23
702.9,22:02:06,35.4,75.6,12750,12.4,554,137.4,1012,7,14,7,8,1,947,0,0.0,1,0,23,3,3,1,23
705.0,22:02:08,38.4,75.8,12783,16.0,554,134.1,1012,7,14,7,8,1,959,0,0.0,1,0,23,3,3,1,23
707.1,22:02:10,33.9,75.6,12751,9.9,554,156.0,1012,7,14,7,8,1,970,0,0.0,1,0,23,3,3,1,23
709.2,22:02:12,35.2,75.7,12764,8.4,555,154.3,1050,9,16,7,8,1,980,0,0.0,1,0,23,3,3,1,23
711.4,22:02:14,34.0,79.9,13483,11.7,553,207.2,1460,9,16,7,9,1,991,0,0.0,1,0,23,3,3,1,23
713.5,22:02:17,37.1,76.9,12968,7.2,520,143.1,1048,9,14,7,9,1,1003,0,0.0,1,0,23,3,3,1,23
715.7,22:02:19,36.5,77.0,12987,15.3,557,161.6,1215,9,16,7,9,1,1015,0,0.0,1,0,23,3,3,1,23
717.8,22:02:21,38.0,80.3,13541,8.1,557,184.5,1501,9,16,7,9,1,1027,0,0.0,1,0,23,3,3,1,23
719.9,22:02:23,36.6,80.3,13547,11.0,557,152.1,1502,9,16,7,10,1,1039,0,0.0,1,0,23,3,3,1,23
722.0,22:02:25,35.0,76.9,12968,15.8,558,140.6,1049,9,16,7,9,1,1050,0,0.0,1,0,23,3,3,1,23
724.1,22:02:27,35.4,80.1,13507,15.6,558,196.7,1472,9,16,7,9,1,1062,0,0.0,1,0,23,3,3,1,23
726.2,22:02:29,35.0,80.1,13510,9.7,558,165.0,1472,9,16,7,10,1,1074,0,0.0,1,0,23,3,3,1,23
728.3,22:02:31,38.5,80.1,13512,6.6,558,153.6,1472,9,16,7,10,1,1084,0,0.0,1,0,23,3,3,1,23
730.4,22:02:33,39.3,80.3,13538,10.1,558,120.4,1467,9,16,7,10,1,1096,0,0.0,1,0,23,3,3,1,23
732.5,22:02:35,39.0,80.3,13546,6.0,558,97.6,1467,9,16,7,10,1,1107,0,0.0,1,0,23,3,3,1,23
734.6,22:02:38,38.3,80.3,13545,11.6,558,135.2,1467,9,16,7,10,1,1119,0,0.0,1,0,23,3,3,1,23
736.8,22:02:40,36.8,75.8,12790,14.3,558,118.5,1012,7,14,7,10,1,1131,0,0.0,1,0,23,3,3,1,23
738.9,22:02:42,37.8,75.8,12787,8.3,558,129.8,1012,7,14,7,8,1,1142,0,0.0,1,0,23,3,3,1,23
741.0,22:02:44,36.8,75.6,12747,13.7,558,120.6,1012,7,14,7,8,1,1154,0,0.0,1,0,23,3,3,1,23
743.1,22:02:46,37.5,75.6,12748,8.2,558,123.8,1012,7,14,7,8,1,1166,0,0.0,1,0,23,3,3,1,23
745.1,22:02:48,35.4,75.6,12745,16.0,558,123.5,1012,7,14,7,8,1,1178,0,0.0,1,0,23,3,3,1,23
747.2,22:02:50,36.7,75.6,12747,11.0,558,126.0,1012,7,14,7,8,1,1190,0,0.0,1,0,23,3,3,1,23
749.3,22:02:52,39.0,75.5,12736,11.1,558,122.2,1012,7,14,7,8,1,1201,0,0.0,1,0,23,3,3,1,23
751.5,22:02:55,37.0,75.6,12746,12.6,558,142.4,1012,7,14,7,8,1,1213,0,0.0,1,0,23,3,3,1,23
753.6,22:02:57,33.5,75.7,12770,15.1,558,148.4,1012,7,14,7,8,1,1225,0,0.0,1,0,23,3,3,1,23
755.8,22:02:59,35.0,75.5,12736,10.7,558,124.2,1012,7,14,7,8,1,1236,0,0.0,1,0,23,3,3,1,23
757.9,22:03:01,38.3,75.6,12744,8.9,558,138.8,1012,7,14,7,8,1,1247,0,0.0,1,0,23,3,3,1,23
760.0,22:03:03,39.2,75.5,12734,25.2,558,126.5,1012,7,14,7,8,1,1259,0,0.0,1,0,23,3,3,1,23
762.1,22:03:05,38.6,74.8,12614,12.7,443,123.5,1012,7,14,7,8,1,1271,0,0.0,1,0,23,3,3,1,23
764.2,22:03:07,38.1,74.0,12480,22.9,443,126.9,1012,7,14,7,8,1,1283,0,0.0,1,0,23,3,3,1,23
766.3,22:03:09,37.7,73.3,12369,8.1,443,119.5,1012,7,14,7,8,1,1294,0,0.0,1,0,23,3,3,1,23
768.5,22:03:12,32.8,73.4,12376,8.8,443,152.3,1012,7,14,7,8,1,1304,0,0.0,1,0,23,3,3,1,23
770.6,22:03:14,34.5,73.4,12372,15.4,443,142.9,1012,7,14,7,8,1,1315,0,0.0,1,0,23,3,3,1,23
772.7,22:03:16,33.3,73.3,12370,11.2,443,138.6,1012,7,14,7,8,1,1327,0,0.0,1,0,23,3,3,1,23
774.8,22:03:18,37.3,73.3,12369,13.1,443,141.9,1012,7,14,7,8,1,1338,0,0.0,1,0,23,3,3,1,23
776.8,22:03:20,34.0,73.3,12369,13.3,443,148.4,1012,7,14,7,8,1,1349,0,0.0,1,0,23,3,3,1,23
778.9,22:03:22,35.7,73.3,12369,22.1,443,143.3,1012,7,14,7,8,1,1360,0,0.0,1,0,23,3,3,1,23
781.0,22:03:24,35.5,73.3,12365,11.9,443,131.5,1012,7,14,7,8,1,1371,0,0.0,1,0,23,3,3,1,23
783.1,22:03:26,37.4,73.4,12378,14.0,443,133.1,1012,7,14,7,8,1,1383,0,0.0,1,0,23,3,3,1,23
785.2,22:03:28,31.7,73.3,12367,8.7,443,164.1,1012,7,14,7,8,1,1394,0,0.0,1,0,23,3,3,1,23
787.3,22:03:30,34.3,73.3,12366,7.1,443,144.9,1012,7,14,7,8,1,1405,0,0.0,1,0,23,3,3,1,23
789.5,22:03:33,34.8,73.3,12367,11.4,443,148.6,1012,7,14,7,8,1,1417,0,0.0,1,0,23,3,3,1,23
791.7,22:03:35,33.4,73.3,12366,10.6,443,142.6,1012,7,14,7,8,1,1428,0,0.0,1,0,23,3,3,1,23
793.8,22:03:37,34.6,73.3,12364,7.7,443,166.5,1012,7,14,7,8,1,1440,0,0.0,1,0,23,3,3,1,23
795.8,22:03:39,32.1,73.3,12366,13.6,443,137.8,1012,7,14,7,8,1,1450,0,0.0,1,0,23,3,3,1,23
797.9,22:03:41,36.4,73.3,12371,9.9,443,143.0,1012,7,14,7,8,1,1462,0,0.0,1,0,23,3,3,1,23
800.0,22:03:43,36.9,73.3,12366,11.3,443,133.0,1012,7,14,7,8,1,1474,0,0.0,1,0,23,3,3,1,23
802.2,22:03:45,34.5,73.4,12376,13.4,443,135.6,1012,7,14,7,8,1,1484,0,0.0,1,0,23,3,3,1,23
804.3,22:03:47,36.7,73.4,12385,26.6,444,139.4,1012,7,14,7,8,1,1495,0,0.0,1,0,24,3,3,1,24
806.3,22:03:49,33.7,73.3,12370,14.7,443,142.5,1012,7,14,7,8,1,1506,0,0.0,1,0,23,3,3,1,23
808.5,22:03:52,32.8,73.3,12370,14.0,443,153.2,1013,7,14,7,8,1,1517,0,0.0,1,0,23,3,3,1,23
810.7,22:03:54,33.7,73.7,12434,9.2,443,146.4,1013,7,14,7,8,1,1529,0,0.0,1,0,23,3,3,1,23
812.9,22:03:56,35.5,73.5,12401,12.8,443,130.5,1013,7,14,7,8,1,1539,0,0.0,1,0,23,3,3,1,23
815.0,22:03:58,40.0,74.6,12590,8.2,443,123.5,1013,7,14,7,8,1,1551,0,0.0,1,0,23,3,3,1,23
817.1,22:04:00,36.3,75.0,12653,13.3,443,152.8,1013,7,14,7,8,1,1560,0,0.0,1,0,23,3,3,1,23
819.2,22:04:02,32.5,74.9,12640,11.9,443,159.6,1013,7,14,7,8,1,1572,0,0.0,1,0,23,3,3,1,23
821.3,22:04:04,31.2,74.8,12621,11.1,443,155.7,1013,7,14,7,8,1,1584,0,0.0,1,0,23,3,3,1,23
823.4,22:04:06,32.4,74.7,12596,10.0,443,162.1,1013,7,14,7,8,1,1594,0,0.0,1,0,23,3,3,1,23
825.7,22:04:09,35.0,74.7,12596,11.1,443,159.2,1013,7,14,7,8,1,1604,0,0.0,1,0,23,3,3,1,23
827.9,22:04:11,33.0,74.7,12595,12.9,444,139.9,1013,7,14,7,8,1,1616,0,0.0,1,0,23,3,3,1,23
830.1,22:04:13,35.5,74.7,12604,12.6,423,127.2,1013,7,13,7,8,1,1628,0,0.0,1,0,23,3,3,1,23
832.3,22:04:15,38.0,74.7,12603,16.6,443,131.9,1013,7,14,7,7,1,1639,0,0.0,1,0,23,3,3,1,23
834.4,22:04:17,38.4,74.7,12603,10.5,443,117.4,1013,7,14,7,8,1,1651,0,0.0,1,0,23,3,3,1,23
836.5,22:04:20,35.2,74.8,12614,9.1,443,126.7,1013,7,14,7,8,1,1662,0,0.0,1,0,23,3,3,1,23
838.5,22:04:22,33.5,74.8,12614,8.4,443,118.8,1013,7,14,7,8,1,1674,0,0.0,1,0,23,3,3,1,23
840.6,22:04:24,35.8,75.1,12664,7.1,443,136.5,1031,7,14,7,8,1,1684,0,0.0,1,0,23,3,3,1,23
842.8,22:04:26,38.3,75.1,12668,11.8,443,124.0,1031,7,14,7,8,1,1696,0,0.0,1,0,23,3,3,1,23
844.9,22:04:28,38.9,75.2,12677,16.4,443,126.8,1031,7,14,7,8,1,1707,0,0.0,1,0,23,3,3,1,23
847.1,22:04:30,39.5,75.1,12673,8.3,443,114.3,1031,7,14,7,8,1,1719,0,0.0,1,0,23,3,3,1,23
849.2,22:04:32,35.9,75.1,12675,14.7,443,117.6,1031,7,14,7,8,1,1731,0,0.0,1,0,23,3,3,1,23
851.4,22:04:34,38.6,75.2,12682,13.1,444,118.9,1031,7,14,7,8,1,1744,0,0.0,1,0,23,3,3,1,23
853.6,22:04:37,39.2,75.1,12671,12.9,444,130.1,1031,7,14,7,8,1,1756,0,0.0,1,0,23,3,3,1,23
855.7,22:04:39,34.1,75.2,12677,9.4,444,130.1,1031,7,14,7,8,1,1767,0,0.0,1,0,23,3,3,1,23
857.9,22:04:41,33.5,75.2,12683,11.8,443,126.3,1031,7,14,7,8,1,1779,0,0.0,1,0,23,3,3,1,23
860.0,22:04:43,35.4,75.2,12685,7.4,443,140.1,1031,7,14,7,8,1,1790,0,0.0,1,0,23,3,3,1,23
862.1,22:04:45,36.6,75.2,12681,10.6,443,113.3,1031,7,14,7,8,1,1802,0,0.0,1,0,23,3,3,1,23
864.2,22:04:47,33.6,75.2,12676,16.2,443,139.3,1031,7,14,7,8,1,1813,0,0.0,1,0,23,3,3,1,23
866.3,22:04:49,31.7,75.1,12672,10.6,444,143.2,1031,7,14,7,8,1,1825,0,0.0,1,0,23,3,3,1,23
868.3,22:04:51,34.7,75.1,12671,12.6,444,146.3,1031,7,14,7,8,1,1836,0,0.0,1,0,23,3,3,1,23
870.4,22:04:53,31.8,75.1,12674,9.7,444,135.9,1031,7,14,7,8,1,1847,0,0.0,1,0,23,3,3,1,23
872.6,22:04:56,32.2,75.1,12674,12.1,444,156.4,1031,7,14,7,8,1,1859,0,0.0,1,0,23,3,3,1,23
874.7,22:04:58,36.0,75.1,12673,7.3,444,137.9,1031,7,14,7,8,1,1870,0,0.0,1,0,23,3,3,1,23
876.7,22:05:00,32.7,75.1,12673,13.4,444,141.9,1031,7,14,7,8,1,1882,0,0.0,1,0,23,3,3,1,23
878.9,22:05:02,32.9,75.2,12678,9.6,444,155.2,1031,7,14,7,8,1,1893,0,0.0,1,0,23,3,3,1,23
880.9,22:05:04,32.9,75.2,12677,10.0,444,129.8,1031,7,14,7,8,1,1905,0,0.0,1,0,23,3,3,1,23
883.0,22:05:06,36.1,75.2,12677,6.2,444,143.4,1031,7,14,7,8,1,1917,0,0.0,1,0,23,3,3,1,23
885.3,22:05:08,37.0,75.2,12685,13.7,444,116.1,1031,7,14,7,8,1,1927,0,0.0,1,0,23,3,3,1,23
887.4,22:05:10,37.2,75.2,12686,11.8,444,120.2,1031,7,14,7,8,1,1940,0,0.0,1,0,23,3,3,1,23
889.5,22:05:13,40.4,75.3,12706,6.6,444,113.6,1031,7,14,7,8,1,1951,0,0.0,1,0,23,3,3,1,23
891.6,22:05:15,36.9,75.3,12703,16.2,444,120.9,1031,7,14,7,8,1,1962,0,0.0,1,0,23,3,3,1,23
893.7,22:05:17,37.8,75.3,12704,8.4,444,125.0,1031,7,14,7,8,1,1974,0,0.0,1,0,23,3,3,1,23
896.0,22:05:19,37.5,75.5,12735,14.0,444,116.2,1031,7,14,7,8,1,1986,0,0.0,1,0,23,3,3,1,23
898.2,22:05:21,38.2,75.4,12723,7.1,444,133.9,1031,7,14,7,8,1,1998,0,0.0,1,0,23,3,3,1,23
900.4,22:05:23,38.8,75.4,12715,9.7,444,117.4,1031,7,14,7,8,1,2010,0,0.0,1,0,23,3,3,1,23
902.5,22:05:26,38.5,75.4,12722,11.7,444,118.2,1031,7,14,7,8,1,2021,0,0.0,1,0,23,3,3,1,23
904.6,22:05:28,38.2,75.4,12723,13.8,444,117.8,1031,7,14,7,8,1,2032,0,0.0,1,0,23,3,3,1,23
906.9,22:05:30,37.3,75.4,12723,4.4,444,135.2,1031,7,14,7,8,1,2044,0,0.0,1,0,23,3,3,1,23
909.0,22:05:32,39.2,76.1,12840,12.5,444,118.1,1031,7,14,7,8,1,2056,0,0.0,1,0,23,3,3,1,23
911.1,22:05:34,38.9,75.4,12722,8.6,444,126.7,1031,7,14,7,8,1,2068,0,0.0,1,0,23,3,3,1,23
913.3,22:05:36,37.9,75.5,12736,10.9,444,121.5,1031,7,14,7,8,1,2080,0,0.0,1,0,23,3,3,1,23
915.5,22:05:38,35.5,75.6,12745,11.1,444,139.9,1031,7,14,7,8,1,2092,0,0.0,1,0,23,3,3,1,23
917.6,22:05:41,33.0,75.5,12740,13.2,444,150.5,1031,7,14,7,8,1,2103,0,0.0,1,0,23,3,3,1,23
919.7,22:05:43,37.7,75.4,12717,13.6,444,127.5,1031,7,14,7,8,1,2116,0,0.0,1,0,23,3,3,1,23
921.9,22:05:45,33.3,75.4,12711,9.8,444,141.2,1031,7,14,7,8,1,2127,0,0.0,1,0,23,3,3,1,23
924.0,22:05:47,33.7,75.3,12706,12.8,444,150.3,1031,7,14,7,8,1,2139,0,0.0,1,0,23,3,3,1,23
926.0,22:05:49,32.8,75.4,12715,10.4,444,137.6,1031,7,14,7,8,1,2150,0,0.0,1,0,23,3,3,1,23
928.1,22:05:51,34.7,75.4,12711,12.2,444,154.1,1031,7,14,7,8,1,2161,0,0.0,1,0,23,3,3,1,23
930.2,22:05:53,34.8,75.4,12711,8.2,444,135.4,1031,7,14,7,8,1,2173,0,0.0,1,0,23,3,3,1,23
932.3,22:05:55,35.2,75.4,12721,12.1,444,153.6,1031,7,14,7,8,1,2185,0,0.0,1,0,23,3,3,1,23
934.5,22:05:58,39.3,75.5,12734,10.9,444,112.8,1031,7,14,7,8,1,2195,0,0.0,1,0,23,3,3,1,23
936.6,22:06:00,34.8,75.5,12741,4.9,444,119.1,1031,7,14,7,8,1,2207,0,0.0,1,0,23,3,3,1,23
938.8,22:06:02,37.1,75.5,12731,10.5,444,119.8,1031,7,14,7,8,1,2217,0,0.0,1,0,23,3,3,1,23
941.1,22:06:04,36.9,75.5,12729,8.9,444,124.7,1031,7,14,7,8,1,2228,0,0.0,1,0,23,3,3,1,23
943.2,22:06:06,35.8,75.5,12735,9.1,444,109.8,1031,7,14,7,8,1,2240,0,0.0,1,0,23,3,3,1,23
945.3,22:06:08,36.0,75.6,12752,10.9,444,135.4,1032,7,14,7,8,1,2252,0,0.0,1,0,23,3,3,1,23
947.4,22:06:10,37.7,75.5,12728,9.7,407,125.0,1032,7,12,7,8,1,2264,0,0.0,1,0,23,3,3,1,23
949.5,22:06:13,37.8,75.5,12739,9.4,444,118.8,1032,7,14,7,8,1,2275,0,0.0,1,0,23,3,3,1,23
951.7,22:06:15,38.1,75.4,12721,9.2,444,133.6,1032,7,14,7,8,1,2286,0,0.0,1,0,23,3,3,1,23
953.8,22:06:17,38.8,75.5,12729,10.3,444,125.7,1032,7,14,7,8,1,2297,0,0.0,1,0,23,3,3,1,23
956.0,22:06:19,36.7,75.4,12716,11.8,444,114.2,1032,7,14,7,8,1,2310,0,0.0,1,0,23,3,3,1,23
958.1,22:06:21,37.6,76.0,12824,10.4,444,121.4,1032,7,14,7,8,1,2321,0,0.0,1,0,23,3,3,1,23
960.2,22:06:23,37.4,75.4,12712,11.2,444,131.7,1032,7,14,7,8,1,2333,0,0.0,1,0,23,3,3,1,23
962.3,22:06:25,37.3,75.4,12717,12.9,444,130.2,1032,7,14,7,8,1,2343,0,0.0,1,0,23,3,3,1,23
964.4,22:06:27,34.4,75.4,12712,10.6,444,140.1,1032,7,14,7,8,1,2355,0,0.0,1,0,23,3,3,1,23
966.4,22:06:29,37.4,75.4,12718,12.4,444,120.9,1032,7,14,7,8,1,2366,0,0.0,1,0,23,3,3,1,23
968.6,22:06:32,35.4,75.5,12729,12.4,444,113.7,1032,7,14,7,8,1,2377,0,0.0,1,0,23,3,3,1,23
970.9,22:06:34,33.8,75.5,12727,7.7,444,136.3,1032,7,14,7,8,1,2389,0,0.0,1,0,23,3,3,1,23
972.9,22:06:36,35.7,75.4,12725,11.0,444,156.9,1032,7,14,7,8,1,2400,0,0.0,1,0,23,3,3,1,23
975.0,22:06:38,33.5,75.4,12725,11.2,444,142.8,1032,7,14,7,8,1,2412,0,0.0,1,0,23,3,3,1,23
977.1,22:06:40,35.8,75.4,12725,9.4,444,138.9,1032,7,14,7,8,1,2424,0,0.0,1,0,23,3,3,1,23
979.3,22:06:42,33.2,75.4,12712,7.4,444,151.7,1032,7,14,7,8,1,2435,0,0.0,1,0,23,3,3,1,23
981.4,22:06:44,32.0,75.4,12719,11.4,444,163.8,1032,7,14,7,8,1,2446,0,0.0,1,0,23,3,3,1,23
983.5,22:06:47,36.3,75.4,12720,11.5,444,137.4,1032,7,14,7,8,1,2457,0,0.0,1,0,23,3,3,1,23
985.6,22:06:49,35.7,75.4,12725,15.0,444,149.7,1032,7,14,7,8,1,2468,0,0.0,1,0,23,3,3,1,23
987.8,22:06:51,34.1,75.5,12734,7.6,444,146.1,1032,7,14,7,8,1,2479,0,0.0,1,0,23,3,3,1,23
989.9,22:06:53,35.2,75.5,12727,11.8,444,140.9,1032,7,14,7,8,1,2488,0,0.0,1,0,23,3,3,1,23
992.0,22:06:55,36.8,75.5,12732,10.3,444,130.5,1032,7,14,7,8,1,2500,0,0.0,1,0,23,3,3,1,23
994.1,22:06:57,31.9,75.5,12727,11.7,444,143.9,1032,7,14,7,8,1,2511,0,0.0,1,0,23,3,3,1,23
996.2,22:06:59,34.0,75.5,12732,12.6,444,151.4,1032,7,14,7,8,1,2522,0,0.0,1,0,23,3,3,1,23
998.4,22:07:01,32.7,75.5,12731,7.4,444,156.1,1032,7,14,7,8,1,2533,0,0.0,1,0,23,3,3,1,23
1000.4,22:07:03,32.8,75.5,12731,14.8,444,143.4,1032,7,14,7,8,1,2545,0,0.0,1,0,23,3,3,1,23
1002.6,22:07:06,34.0,75.5,12733,15.2,444,141.1,1032,7,14,7,8,1,2556,0,0.0,1,0,23,3,3,1,23
1004.6,22:07:08,34.8,75.5,12735,12.2,444,139.6,1032,7,14,7,8,1,2567,0,0.0,1,0,23,3,3,1,23
1006.7,22:07:10,32.5,75.5,12734,11.7,444,138.1,1032,7,14,7,8,1,2578,0,0.0,1,0,23,3,3,1,23
1008.8,22:07:12,33.3,75.5,12726,8.2,444,130.6,1032,7,14,7,8,1,2590,0,0.0,1,0,23,3,3,1,23
1010.9,22:07:14,34.6,75.6,12745,7.6,444,128.3,1032,7,14,7,8,1,2602,0,0.0,1,0,23,3,3,1,23
1013.0,22:07:16,33.2,75.6,12747,10.5,444,146.2,1032,7,14,7,8,1,2612,0,0.0,1,0,23,3,3,1,23
1015.1,22:07:18,33.4,75.7,12761,9.0,444,141.1,1032,7,14,7,8,1,2623,0,0.0,1,0,23,3,3,1,23
1017.1,22:07:20,33.5,75.7,12760,9.6,444,140.3,1032,7,14,7,8,1,2635,0,0.0,1,0,23,3,3,1,23
1019.2,22:07:22,35.1,75.7,12772,8.9,444,130.5,1032,7,14,7,8,1,2648,0,0.0,1,0,23,3,3,1,23
1021.4,22:07:24,33.7,75.7,12774,8.9,444,150.5,1032,7,14,7,8,1,2659,0,0.0,1,0,23,3,3,1,23
1023.4,22:07:26,34.0,75.7,12774,9.9,444,136.3,1032,7,14,7,8,1,2671,0,0.0,1,0,23,3,3,1,23
1025.7,22:07:29,33.8,75.7,12772,14.9,444,142.9,1032,7,14,7,8,1,2682,0,0.0,1,0,23,3,3,1,23
1027.8,22:07:31,34.5,75.6,12755,14.2,444,151.9,1032,7,14,7,8,1,2694,0,0.0,1,0,23,3,3,1,23
1029.9,22:07:33,35.0,75.6,12753,7.3,444,141.7,1032,7,14,7,8,1,2704,0,0.0,1,0,23,3,3,1,23
1032.1,22:07:35,38.1,76.3,12868,9.9,444,123.3,1032,7,14,7,8,1,2716,0,0.0,1,0,23,3,3,1,23
1034.3,22:07:37,38.6,76.1,12840,11.8,444,123.2,1032,7,14,7,8,1,2727,0,0.0,1,0,23,3,3,1,23
1036.4,22:07:39,40.4,75.9,12806,10.2,444,120.3,1032,7,14,7,8,1,2738,0,0.0,1,0,23,3,3,1,23
1038.5,22:07:42,37.0,75.8,12780,14.8,443,123.7,1032,7,14,7,8,1,2749,0,0.0,1,0,23,3,3,1,23
1040.6,22:07:44,37.8,75.8,12789,8.6,443,122.2,1032,7,14,7,8,1,2761,0,0.0,1,0,23,3,3,1,23
1042.8,22:07:46,37.2,75.8,12786,8.8,443,129.9,1032,7,14,7,8,1,2772,0,0.0,1,0,23,3,3,1,23
1045.0,22:07:48,33.8,75.8,12782,11.3,443,128.4,1032,7,14,7,8,1,2784,0,0.0,1,0,23,3,3,1,23
1047.0,22:07:50,38.3,75.8,12793,6.6,443,137.5,1032,7,14,7,8,1,2795,0,0.0,1,0,23,3,3,1,23
1049.1,22:07:52,39.0,75.9,12795,9.5,443,113.3,1032,7,14,7,8,1,2806,0,0.0,1,0,23,3,3,1,23
1051.3,22:07:54,38.5,75.8,12787,7.3,443,127.5,1032,7,14,7,8,1,2817,0,0.0,1,0,23,3,3,1,23
1053.4,22:07:56,40.9,75.9,12796,12.8,443,124.3,1032,7,14,7,8,1,2829,0,0.0,1,0,23,3,3,1,23
1055.6,22:07:59,37.5,76.0,12819,7.4,442,123.2,1032,7,14,7,8,1,2839,0,0.0,1,0,23,3,3,1,23
1057.7,22:08:01,35.2,76.0,12821,9.2,443,133.4,1032,7,14,7,8,1,2851,0,0.0,1,0,23,3,3,1,23
1059.9,22:08:03,38.6,76.0,12823,10.8,443,118.9,1032,7,14,7,8,1,2863,0,0.0,1,0,23,3,3,1,23
1062.1,22:08:05,36.6,76.0,12820,13.0,443,116.7,1032,7,14,7,8,1,2875,0,0.0,1,0,23,3,3,1,23
1064.3,22:08:07,38.0,76.1,12832,11.0,406,128.5,1032,7,12,7,8,1,2886,0,0.0,1,0,23,3,3,1,23
1066.4,22:08:09,38.6,76.0,12819,12.0,443,130.9,1032,7,14,7,8,1,2898,0,0.0,1,0,23,3,3,1,23
1068.5,22:08:12,37.0,76.1,12828,13.6,443,114.0,1032,7,14,7,8,1,2909,0,0.0,1,0,23,3,3,1,23
1070.7,22:08:14,38.6,76.0,12824,13.7,443,128.6,1032,7,14,7,8,1,2919,0,0.0,1,0,23,3,3,1,23
1072.9,22:08:16,38.9,76.2,12857,13.1,443,123.8,1032,7,14,7,8,1,2931,0,0.0,1,0,23,3,3,1,23
1075.1,22:08:18,37.4,76.1,12839,13.6,443,114.4,1032,7,14,7,8,1,2941,0,0.0,1,0,23,3,3,1,23
1077.2,22:08:20,39.5,76.1,12832,10.3,443,136.7,1032,7,14,7,8,1,2952,0,0.0,1,0,23,3,3,1,23
1079.3,22:08:22,38.3,76.0,12824,11.7,443,119.8,1032,7,14,7,8,1,2963,0,0.0,1,0,23,3,3,1,23
1081.4,22:08:24,39.0,76.3,12874,8.8,444,114.7,1032,7,14,7,8,1,2975,0,0.0,1,0,23,3,3,1,23
1083.6,22:08:27,38.2,76.1,12832,7.4,435,117.8,1032,7,14,7,8,1,2985,0,0.0,1,0,23,3,3,1,23
1085.7,22:08:29,36.9,76.0,12818,11.0,435,127.8,1032,7,14,7,8,1,2997,0,0.0,1,0,23,3,3,1,23
1088.0,22:08:31,39.0,76.0,12823,8.1,435,119.5,1032,7,14,7,8,1,3008,0,0.0,1,0,23,3,3,1,23
1090.1,22:08:33,40.3,76.0,12810,7.3,435,122.6,1032,7,14,7,8,1,3019,0,0.0,1,0,23,3,3,1,23
1092.2,22:08:35,38.3,75.9,12809,9.4,435,130.6,1032,7,14,7,8,1,3031,0,0.0,1,0,23,3,3,1,23
1094.4,22:08:37,38.9,75.9,12801,9.1,435,128.7,1032,7,14,7,8,1,3043,0,0.0,1,0,23,3,3,1,23
1096.5,22:08:40,38.4,75.9,12799,6.3,435,122.8,1032,7,14,7,8,1,3055,0,0.0,1,0,23,3,3,1,23
1098.8,22:08:42,39.1,76.0,12817,12.5,435,124.2,1032,7,14,7,8,1,3067,0,0.0,1,0,23,3,3,1,23
1101.0,22:08:44,38.6,76.0,12823,7.7,435,131.7,1032,7,14,7,8,1,3079,0,0.0,1,0,23,3,3,1,23
1103.3,22:08:46,37.2,76.0,12819,6.5,435,134.1,1032,7,14,7,8,1,3091,0,0.0,1,0,23,3,3,1,23
1105.4,22:08:48,37.6,76.2,12851,7.8,435,129.9,1032,7,14,7,8,1,3102,0,0.0,1,0,23,3,3,1,23
1107.6,22:08:51,37.9,76.1,12835,9.1,435,123.2,1032,7,14,7,8,1,3114,0,0.0,1,0,23,3,3,1,23
1109.8,22:08:53,37.7,75.9,12803,9.1,435,120.8,1032,7,14,7,8,1,3125,0,0.0,1,0,23,3,3,1,23
1111.9,22:08:55,37.1,75.8,12793,8.4,435,123.2,1032,7,14,7,8,1,3137,0,0.0,1,0,23,3,3,1,23
1114.1,22:08:57,36.9,76.4,12892,13.2,435,128.9,1032,7,14,7,8,1,3147,0,0.0,1,0,23,3,3,1,23
1116.4,22:08:59,38.4,75.8,12781,9.2,435,132.8,1032,7,14,7,8,1,3159,0,0.0,1,0,23,3,3,1,23
1118.5,22:09:02,38.8,75.8,12791,12.4,435,115.4,1032,7,14,7,8,1,3170,0,0.0,1,0,23,3,3,1,23
1120.7,22:09:04,37.7,75.8,12787,9.1,435,131.4,1032,7,14,7,8,1,3181,0,0.0,1,0,23,3,3,1,23
1122.9,22:09:06,38.1,75.7,12771,9.6,435,121.7,1032,7,14,7,8,1,3192,0,0.0,1,0,23,3,3,1,23
1125.0,22:09:08,38.1,75.6,12749,8.1,435,127.9,1032,7,14,7,8,1,3204,0,0.0,1,0,23,3,3,1,23
1127.2,22:09:10,37.2,75.5,12727,9.6,435,135.1,1032,7,14,7,8,1,3216,0,0.0,1,0,23,3,3,1,23
1129.3,22:09:12,39.2,75.5,12738,10.2,435,122.1,1032,7,14,7,8,1,3228,0,0.0,1,0,23,3,3,1,23
1131.4,22:09:14,39.7,75.5,12742,12.8,435,117.5,1032,7,14,7,8,1,3239,0,0.0,1,0,23,3,3,1,23
1133.5,22:09:17,37.2,75.5,12741,15.9,436,124.3,1032,7,14,7,8,1,3250,0,0.0,1,0,23,3,3,1,23
1135.6,22:09:19,36.2,75.6,12750,9.0,436,130.2,1032,7,14,7,8,1,3261,0,0.0,1,0,23,3,3,1,23
1137.7,22:09:21,38.2,75.6,12756,7.4,436,132.2,1032,7,14,7,8,1,3273,0,0.0,1,0,23,3,3,1,23
1139.7,22:09:23,35.6,75.7,12768,10.1,436,118.9,1032,7,14,7,8,1,3285,0,0.0,1,0,23,3,3,1,23
1141.9,22:09:25,37.3,75.7,12772,11.5,436,123.2,1032,7,14,7,8,1,3296,0,0.0,1,0,23,3,3,1,23
1144.1,22:09:27,37.7,75.8,12782,9.6,436,118.9,1032,7,14,7,8,1,3308,0,0.0,1,0,23,3,3,1,23
1146.3,22:09:29,36.7,75.8,12788,12.1,436,132.0,1032,7,14,7,8,1,3320,0,0.0,1,0,23,3,3,1,23
1148.4,22:09:31,38.4,75.7,12776,8.5,436,132.0,1032,7,14,7,8,1,3332,0,0.0,1,0,23,3,3,1,23
1150.6,22:09:34,33.4,75.8,12788,8.4,436,120.2,1032,7,14,7,8,1,3343,0,0.0,1,0,23,3,3,1,23
1152.8,22:09:36,35.6,75.7,12771,13.9,436,123.6,1032,7,14,7,8,1,3355,0,0.0,1,0,23,3,3,1,23
1155.0,22:09:38,36.1,76.4,12886,6.3,436,125.3,1032,7,14,7,8,1,3368,0,0.0,1,0,23,3,3,1,23
1157.2,22:09:40,37.1,75.7,12764,10.3,436,121.3,1032,7,14,7,8,1,3379,0,0.0,1,0,23,3,3,1,23
1159.3,22:09:42,37.5,75.7,12763,11.7,436,119.0,1032,7,14,7,8,1,3390,0,0.0,1,0,23,3,3,1,23
1161.5,22:09:44,40.0,75.7,12765,17.6,436,124.0,1032,7,14,7,8,1,3402,0,0.0,1,0,23,3,3,1,23
1163.6,22:09:47,40.1,75.6,12758,11.4,436,110.3,1032,7,14,7,8,1,3414,0,0.0,1,0,23,3,3,1,23
1165.6,22:09:49,39.5,75.7,12769,7.1,436,116.9,1032,7,14,7,8,1,3425,0,0.0,1,0,23,3,3,1,23
1167.9,22:09:51,39.3,75.6,12758,10.2,438,118.5,1032,7,14,7,8,1,3437,0,0.0,1,0,23,3,3,1,23
1170.5,22:09:53,37.2,75.7,12765,11.4,437,113.6,1032,7,14,7,8,1,3449,0,0.0,1,0,23,3,3,1,23
1172.5,22:09:56,38.3,75.7,12762,10.3,437,116.4,1032,7,14,7,8,1,3461,0,0.0,1,0,23,3,3,1,23
1174.7,22:09:58,37.2,75.6,12759,10.2,437,128.2,1032,7,14,7,8,1,3473,0,0.0,1,0,23,3,3,1,23
1176.8,22:10:00,37.8,75.7,12770,10.6,437,122.0,1032,7,14,7,8,1,3485,0,0.0,1,0,23,3,3,1,23
1179.0,22:10:02,39.1,75.5,12732,8.1,437,130.1,1032,7,14,7,8,1,3496,0,0.0,1,0,23,3,3,1,23
1181.1,22:10:04,38.4,75.5,12727,6.7,399,129.2,1032,7,12,7,8,1,3508,0,0.0,1,0,23,3,3,1,23
1183.2,22:10:06,40.3,75.5,12726,13.9,436,119.8,1032,7,14,7,7,1,3520,0,0.0,1,0,23,3,3,1,23
1185.4,22:10:08,41.3,75.5,12727,10.4,436,125.3,1032,7,14,7,8,1,3531,0,0.0,1,0,23,3,3,1,23
1187.5,22:10:11,38.6,75.9,12796,13.3,436,121.6,1032,7,14,7,8,1,3542,0,0.0,1,0,23,3,3,1,23
1189.6,22:10:13,37.9,75.4,12721,14.5,436,116.1,1032,7,14,7,8,1,3554,0,0.0,1,0,23,3,3,1,23
1191.7,22:10:15,38.0,75.4,12713,7.3,436,117.8,1032,7,14,7,8,1,3566,0,0.0,1,0,23,3,3,1,23
1193.9,22:10:17,39.2,75.4,12719,7.7,436,123.5,1032,7,14,7,8,1,3577,0,0.0,1,0,23,3,3,1,23
1196.1,22:10:19,40.4,75.0,12645,7.6,436,117.1,1032,7,14,7,8,1,3589,0,0.0,1,0,23,3,3,1,23
1198.2,22:10:21,38.5,75.0,12644,10.2,436,127.1,1032,7,14,7,8,1,3600,0,0.0,1,0,23,3,3,1,23
1200.3,22:10:23,38.3,75.1,12667,11.5,436,125.3,1032,7,14,7,8,1,3612,0,0.0,1,0,23,3,3,1,23
1202.5,22:10:26,39.7,75.2,12675,5.8,436,118.4,1032,7,14,7,8,1,3624,0,0.0,1,0,23,3,3,1,23
1204.9,22:10:28,38.1,75.2,12683,8.4,436,120.9,1032,7,14,7,8,1,3635,0,0.0,1,0,23,3,3,1,23
1207.2,22:10:30,39.8,75.1,12667,8.8,436,117.6,1032,7,14,7,8,1,3647,0,0.0,1,0,23,3,3,1,23
1209.4,22:10:32,38.7,75.1,12668,5.7,436,138.4,1032,7,14,7,8,1,3657,0,0.0,1,0,23,3,3,1,23
1211.5,22:10:35,37.5,75.1,12659,9.3,437,123.4,1032,7,14,7,8,1,3669,0,0.0,1,0,23,3,3,1,23
1213.7,22:10:37,37.5,75.1,12666,9.7,437,120.3,1032,7,14,7,8,1,3681,0,0.0,1,0,23,3,3,1,23
1215.9,22:10:39,35.9,75.0,12655,9.9,437,134.2,1032,7,14,7,8,1,3693,0,0.0,1,0,23,3,3,1,23
1218.0,22:10:41,39.6,75.0,12645,9.6,437,128.7,1032,7,14,7,8,1,3704,0,0.0,1,0,23,3,3,1,23
1220.1,22:10:43,36.8,75.0,12650,7.7,437,123.2,1032,7,14,7,8,1,3715,0,0.0,1,0,23,3,3,1,23
1222.2,22:10:45,38.4,75.0,12646,10.3,437,131.6,1032,7,14,7,8,1,3726,0,0.0,1,0,23,3,3,1,23
1224.3,22:10:47,36.7,75.0,12645,16.5,437,108.5,1032,7,14,7,8,1,3738,0,0.0,1,0,23,3,3,1,23
1226.4,22:10:49,37.2,75.0,12653,11.1,437,135.2,1032,7,14,7,8,1,3749,0,0.0,1,0,23,3,3,1,23
1228.5,22:10:52,36.0,75.0,12652,14.0,437,135.3,1032,7,14,7,8,1,3760,0,0.0,1,0,23,3,3,1,23
1230.6,22:10:54,38.6,75.0,12644,7.6,437,117.4,1032,7,14,7,8,1,3771,0,0.0,1,0,23,3,3,1,23
1232.7,22:10:56,36.6,75.0,12652,12.1,437,123.8,1032,7,14,7,8,1,3783,0,0.0,1,0,23,3,3,1,23
1234.9,22:10:58,37.2,75.0,12643,9.0,437,124.3,1032,7,14,7,8,1,3795,0,0.0,1,0,24,3,3,1,24
1236.9,22:11:00,39.3,75.1,12666,9.1,437,122.2,1032,7,14,7,8,1,3805,0,0.0,1,0,23,3,3,1,23
1239.0,22:11:02,39.0,75.1,12670,6.0,437,128.4,1032,7,14,7,8,1,3817,0,0.0,1,0,23,3,3,1,23
1241.1,22:11:04,39.8,75.0,12657,13.3,437,130.9,1032,7,14,7,8,1,3829,0,0.0,1,0,23,3,3,1,23
1243.2,22:11:06,36.0,75.1,12660,10.7,437,126.2,1032,7,14,7,8,1,3841,0,0.0,1,0,23,3,3,1,23
1245.3,22:11:08,37.9,75.1,12670,13.7,437,116.3,1032,7,14,7,8,1,3852,0,0.0,1,0,23,3,3,1,23
1247.4,22:11:10,36.8,74.8,12620,12.6,437,136.9,1032,7,14,7,8,1,3863,0,0.0,1,0,23,3,3,1,23
1249.5,22:11:13,36.9,74.9,12625,8.9,437,126.1,1032,7,14,7,8,1,3874,0,0.0,1,0,23,3,3,1,23
1251.6,22:11:15,37.0,74.9,12626,11.4,437,119.7,1032,7,14,7,8,1,3887,0,0.0,1,0,23,3,3,1,23
1253.8,22:11:17,37.9,74.9,12634,8.8,437,127.9,1032,7,14,7,8,1,3898,0,0.0,1,0,23,3,3,1,23
1255.9,22:11:19,33.6,74.9,12628,11.8,437,134.3,1032,7,14,7,8,1,3909,0,0.0,1,0,23,3,3,1,23
1258.1,22:11:21,34.9,74.9,12625,9.7,436,166.8,1032,7,14,7,8,1,3920,0,0.0,1,0,23,3,3,1,23
1260.2,22:11:23,34.7,74.9,12631,9.1,437,140.7,1032,7,14,7,8,1,3932,0,0.0,1,0,23,3,3,1,23
1262.2,22:11:25,37.3,75.0,12646,9.0,437,117.6,1032,7,14,7,8,1,3943,0,0.0,1,0,23,3,3,1,23
1264.3,22:11:27,34.1,75.0,12647,6.6,437,129.1,1032,7,14,7,8,1,3953,0,0.0,1,0,23,3,3,1,23
1266.4,22:11:29,33.5,74.9,12629,12.9,437,152.5,1032,7,14,7,8,1,3964,0,0.0,1,0,23,3,3,1,23
1268.5,22:11:32,36.9,74.9,12636,13.5,437,138.7,1032,7,14,7,8,1,3975,0,0.0,1,0,23,3,3,1,23
1270.6,22:11:34,37.1,75.0,12645,8.8,437,141.9,1032,7,14,7,8,1,3986,0,0.0,1,0,23,3,3,1,23
1272.8,22:11:36,35.8,74.9,12641,14.1,437,138.3,1032,7,14,7,8,1,3997,0,0.0,1,0,23,3,3,1,23
1274.9,22:11:38,34.0,75.1,12659,12.9,437,139.3,1032,7,14,7,8,1,4009,0,0.0,1,0,24,3,3,1,24
1277.0,22:11:40,32.7,75.0,12658,15.1,436,150.3,1033,7,14,7,8,1,4020,0,0.0,1,0,23,3,3,1,23
1279.1,22:11:42,33.7,75.0,12644,11.2,436,152.3,1032,7,14,7,8,1,4031,0,0.0,1,0,23,3,3,1,23
1281.2,22:11:44,35.2,75.0,12650,11.8,436,139.2,1032,7,14,7,8,1,4043,0,0.0,1,0,23,3,3,1,23
1283.3,22:11:46,35.5,75.0,12645,10.3,437,160.5,1033,7,14,7,8,1,4053,0,0.0,1,0,23,3,3,1,23
1285.4,22:11:48,35.1,75.0,12653,7.6,437,141.9,1033,7,14,7,8,1,4063,0,0.0,1,0,23,3,3,1,23
1287.5,22:11:51,32.8,75.0,12655,13.8,437,146.6,1033,7,14,7,8,1,4075,0,0.0,1,0,23,3,3,1,23
1289.6,22:11:53,35.0,75.0,12652,11.7,437,144.4,1033,7,14,7,8,1,4086,0,0.0,1,0,23,3,3,1,23
1291.8,22:11:55,34.8,74.9,12636,9.6,437,144.0,1033,7,14,7,8,1,4098,0,0.0,1,0,23,3,3,1,23
1293.9,22:11:57,34.6,75.0,12646,11.4,437,143.2,1033,7,14,7,8,1,4110,0,0.0,1,0,23,3,3,1,23
1295.9,22:11:59,34.1,75.0,12646,8.9,435,161.7,1033,7,14,7,8,1,4120,0,0.0,1,0,23,3,3,1,23
1298.0,22:12:01,33.7,74.9,12641,11.9,398,145.5,1032,7,12,7,8,1,4131,0,0.0,1,0,23,3,3,1,23
1300.1,22:12:03,36.3,75.0,12642,16.2,435,135.3,1032,7,14,7,8,1,4142,0,0.0,1,0,23,3,3,1,23
1302.3,22:12:05,37.5,75.0,12642,15.6,435,121.4,1032,7,14,7,8,1,4153,0,0.0,1,0,23,3,3,1,23
1304.4,22:12:07,37.6,75.0,12650,10.7,435,124.8,1032,7,14,7,8,1,4165,0,0.0,1,0,23,3,3,1,23
1306.4,22:12:09,35.7,75.1,12665,9.9,435,145.3,1032,7,14,7,8,1,4176,0,0.0,1,0,23,3,3,1,23
1308.5,22:12:12,34.9,75.0,12655,11.5,436,145.4,1032,7,14,7,8,1,4188,0,0.0,1,0,23,3,3,1,23
1310.7,22:12:14,34.5,75.0,12646,11.9,436,140.9,1032,7,14,7,8,1,4199,0,0.0,1,0,23,3,3,1,23
1312.7,22:12:16,33.0,75.0,12655,8.0,436,146.3,1032,7,14,7,8,1,4211,0,0.0,1,0,23,3,3,1,23
1314.9,22:12:18,34.0,75.0,12656,7.6,436,157.7,1032,7,14,7,8,1,4222,0,0.0,1,0,23,3,3,1,23
1317.0,22:12:20,34.1,75.1,12665,7.3,436,157.9,1032,7,14,7,8,1,4233,0,0.0,1,0,23,3,3,1,23
1319.1,22:12:22,35.0,75.1,12667,8.9,436,147.5,1032,7,14,7,8,1,4244,0,0.0,1,0,23,3,3,1,23
1321.2,22:12:24,32.8,75.1,12660,11.2,436,149.7,1032,7,14,7,8,1,4256,0,0.0,1,0,23,3,3,1,23
1323.3,22:12:26,34.3,75.0,12657,6.5,436,132.6,1032,7,14,7,8,1,4267,0,0.0,1,0,23,3,3,1,23
1325.5,22:12:29,34.2,75.1,12659,9.4,436,134.0,1032,7,14,7,8,1,4279,0,0.0,1,0,23,3,3,1,23
1327.6,22:12:31,32.3,75.0,12654,9.7,436,150.9,1032,7,14,7,8,1,4290,0,0.0,1,0,23,3,3,1,23
1329.9,22:12:33,33.4,75.0,12657,12.9,436,154.3,1032,7,14,7,8,1,4301,0,0.0,1,0,23,3,3,1,23
1332.0,22:12:35,32.8,75.0,12657,9.0,436,152.5,1032,7,14,7,8,1,4312,0,0.0,1,0,23,3,3,1,23
1334.0,22:12:37,34.2,75.0,12658,8.4,436,151.2,1032,7,14,7,8,1,4323,0,0.0,1,0,23,3,3,1,23
1336.1,22:12:39,33.0,75.1,12667,14.9,436,149.1,1032,7,14,7,8,1,4334,0,0.0,1,0,23,3,3,1,23
1338.2,22:12:41,32.6,75.1,12673,11.1,436,148.4,1032,7,14,7,8,1,4345,0,0.0,1,0,23,3,3,1,23
1340.3,22:12:43,33.3,75.3,12706,6.6,436,155.4,1032,7,14,7,8,1,4356,0,0.0,1,0,23,3,3,1,23
1342.5,22:12:45,33.4,75.3,12709,7.4,436,149.8,1032,7,14,7,8,1,4368,0,0.0,1,0,23,3,3,1,23
1344.6,22:12:48,33.0,75.4,12709,14.4,436,134.2,1032,7,14,7,8,1,4378,0,0.0,1,0,23,3,3,1,23
1346.6,22:12:50,30.7,75.3,12708,11.4,436,156.7,1032,7,14,7,8,1,4391,0,0.0,1,0,23,3,3,1,23
1348.8,22:12:52,36.1,75.4,12713,9.2,436,148.5,1032,7,14,7,8,1,4402,0,0.0,1,0,23,3,3,1,23
1351.1,22:12:54,34.6,75.4,12725,9.4,436,146.1,1032,7,14,7,8,1,4413,0,0.0,1,0,23,3,3,1,23
1353.2,22:12:56,33.4,75.5,12727,11.0,436,140.3,1032,7,14,7,8,1,4424,0,0.0,1,0,23,3,3,1,23
1355.3,22:12:58,32.2,75.5,12740,8.8,436,150.6,1032,7,14,7,8,1,4437,0,0.0,1,0,23,3,3,1,23
1357.5,22:13:01,33.7,75.6,12750,6.7,436,140.5,1032,7,14,7,8,1,4448,0,0.0,1,0,23,3,3,1,23
1359.8,22:13:03,38.1,75.4,12726,6.0,436,118.5,1032,7,14,7,8,1,4460,0,0.0,1,0,23,3,3,1,23
1361.9,22:13:05,37.3,75.5,12734,9.9,436,130.2,1032,7,14,7,8,1,4472,0,0.0,1,0,23,3,3,1,23
1364.0,22:13:07,38.3,75.4,12723,4.4,436,125.4,1032,7,14,7,8,1,4483,0,0.0,1,0,23,3,3,1,23
1366.1,22:13:09,36.4,75.5,12728,8.8,436,125.0,1032,7,14,7,8,1,4495,0,0.0,1,0,23,3,3,1,23
1368.2,22:13:11,37.0,75.4,12723,8.7,436,137.5,1032,7,14,7,8,1,4506,0,0.0,1,0,23,3,3,1,23
1370.4,22:13:13,36.3,75.4,12723,15.9,436,115.1,1032,7,14,7,8,1,4518,0,0.0,1,0,23,3,3,1,23
1372.5,22:13:15,36.5,75.4,12723,13.8,436,120.3,1032,7,14,7,8,1,4529,0,0.0,1,0,23,3,3,1,23
1374.5,22:13:18,37.4,75.4,12722,12.1,436,133.8,1032,7,14,7,8,1,4541,0,0.0,1,0,23,3,3,1,23
1376.6,22:13:20,38.3,75.4,12716,11.8,436,131.2,1032,7,14,7,8,1,4553,0,0.0,1,0,23,3,3,1,23
1378.7,22:13:22,35.6,75.5,12734,12.7,436,126.2,1032,7,14,7,8,1,4564,0,0.0,1,0,23,3,3,1,23
1380.9,22:13:24,37.6,75.5,12726,12.1,437,123.2,1032,7,14,7,8,1,4576,0,0.0,1,0,23,3,3,1,23
1383.1,22:13:26,37.5,75.5,12730,10.4,436,116.5,1032,7,14,7,8,1,4588,0,0.0,1,0,23,3,3,1,23
1385.2,22:13:28,37.3,75.5,12729,9.5,436,128.4,1032,7,14,7,8,1,4600,0,0.0,1,0,23,3,3,1,23
1387.3,22:13:30,39.4,75.4,12718,12.0,419,123.4,1032,7,14,7,8,1,4611,0,0.0,1,0,23,3,3,1,23
1389.4,22:13:32,37.4,75.1,12666,11.8,419,123.5,1032,7,14,7,8,1,4623,0,0.0,1,0,23,3,3,1,23
1391.5,22:13:35,40.4,74.8,12619,14.9,419,127.5,1032,7,14,7,8,1,4634,0,0.0,1,0,23,3,3,1,23
1393.6,22:13:37,37.6,74.6,12578,11.3,419,119.2,1032,7,14,7,8,1,4645,0,0.0,1,0,23,3,3,1,23
1395.7,22:13:39,39.3,74.4,12554,12.3,419,122.6,1032,7,14,7,8,1,4657,0,0.0,1,0,23,3,3,1,23
1397.8,22:13:41,36.8,74.3,12534,8.7,419,124.1,1032,7,14,7,8,1,4668,0,0.0,1,0,23,3,3,1,23
1400.0,22:13:43,38.1,74.3,12528,7.4,419,126.7,1032,7,14,7,8,1,4680,0,0.0,1,0,23,3,3,1,23
1402.1,22:13:45,37.7,74.2,12519,11.4,419,115.6,1032,7,14,7,8,1,4692,0,0.0,1,0,23,3,3,1,23
1404.3,22:13:47,37.1,74.2,12516,13.3,419,110.4,1032,7,14,7,8,1,4704,0,0.0,1,0,23,3,3,1,23
1406.5,22:13:49,34.6,74.3,12528,4.3,419,137.5,1032,7,14,7,8,1,4714,0,0.0,1,0,23,3,3,1,23
1408.7,22:13:52,32.4,74.2,12523,9.3,419,159.8,1032,7,14,7,8,1,4725,0,0.0,1,0,23,3,3,1,23
1410.9,22:13:54,36.0,74.3,12531,8.9,419,130.4,1032,7,14,7,8,1,4736,0,0.0,1,0,23,3,3,1,23
1413.0,22:13:56,36.3,74.3,12537,7.3,419,126.7,1032,7,14,7,8,1,4747,0,0.0,1,0,23,3,3,1,23
1415.3,22:13:58,35.5,74.3,12534,10.2,381,122.8,1032,7,12,7,7,1,4759,0,0.0,1,0,23,3,3,1,23
1417.4,22:14:00,40.4,74.9,12626,8.3,418,112.3,1032,7,14,7,7,1,4770,0,0.0,1,0,23,3,3,1,23
1419.5,22:14:03,38.6,74.3,12528,8.8,419,135.4,1032,7,14,7,8,1,4780,0,0.0,1,0,23,3,3,1,23
1421.7,22:14:05,37.2,74.3,12526,8.0,418,136.2,1032,7,14,7,8,1,4792,0,0.0,1,0,23,3,3,1,23
1423.8,22:14:07,38.8,74.3,12538,5.9,419,121.5,1032,7,14,7,8,1,4805,0,0.0,1,0,23,3,3,1,23
1425.9,22:14:09,38.4,74.3,12536,13.2,419,120.6,1032,7,14,7,8,1,4815,0,0.0,1,0,23,3,3,1,23
1428.1,22:14:11,36.3,74.4,12543,9.5,419,120.9,1033,7,14,7,8,1,4826,0,0.0,1,0,23,3,3,1,23
1430.2,22:14:13,37.9,74.5,12559,9.6,419,127.9,1032,7,14,7,8,1,4838,0,0.0,1,0,23,3,3,1,23
1432.3,22:14:15,36.2,74.4,12542,10.2,419,128.7,1032,7,14,7,8,1,4850,0,0.0,1,0,23,3,3,1,23
1434.4,22:14:17,35.6,74.3,12537,10.6,419,126.9,1032,7,14,7,8,1,4861,0,0.0,1,0,23,3,3,1,23
1436.5,22:14:20,37.7,74.3,12535,12.8,419,118.4,1032,7,14,7,8,1,4873,0,0.0,1,0,23,3,3,1,23
1438.6,22:14:22,37.7,74.3,12537,10.9,419,128.4,1032,7,14,7,8,1,4883,0,0.0,1,0,23,3,3,1,23
1440.7,22:14:24,33.7,74.4,12550,8.7,419,160.7,1032,7,14,7,8,1,4894,0,0.0,1,0,23,3,3,1,23
1442.9,22:14:26,33.5,74.4,12549,9.9,419,158.0,1032,7,14,7,8,1,4905,0,0.0,1,0,23,3,3,1,23
1444.9,22:14:28,37.6,74.4,12543,13.4,419,122.1,1032,7,14,7,8,1,4918,0,0.0,1,0,23,3,3,1,23
1447.2,22:14:30,35.8,74.4,12545,8.1,419,144.8,1032,7,14,7,8,1,4929,0,0.0,1,0,23,3,3,1,23
1449.3,22:14:32,34.1,74.3,12540,15.2,419,155.4,1032,7,14,7,8,1,4939,0,0.0,1,0,23,3,3,1,23
1451.3,22:14:34,36.0,74.3,12535,11.9,419,138.2,1032,7,14,7,8,1,4950,0,0.0,1,0,23,3,3,1,23
1453.4,22:14:36,33.0,74.3,12537,14.2,419,143.3,1032,7,14,7,8,1,4962,0,0.0,1,0,23,3,3,1,23
1455.6,22:14:39,33.7,74.4,12553,8.2,419,146.9,1032,7,14,7,8,1,4973,0,0.0,1,0,23,3,3,1,23
1457.6,22:14:41,34.4,74.5,12558,8.1,419,144.5,1032,7,14,7,8,1,4984,0,0.0,1,0,23,3,3,1,23
1459.7,22:14:43,33.6,74.4,12556,9.2,419,142.1,1032,7,14,7,8,1,4996,0,0.0,1,0,23,3,3,1,23
1461.9,22:14:45,33.8,74.4,12549,11.4,419,152.6,1032,7,14,7,8,1,5007,0,0.0,1,0,23,3,3,1,23
1464.0,22:14:47,33.3,74.4,12549,10.2,419,159.1,1032,7,14,7,8,1,5018,0,0.0,1,0,23,3,3,1,23
1466.1,22:14:49,34.8,74.4,12550,8.9,419,142.4,1032,7,14,7,8,1,5029,0,0.0,1,0,23,3,3,1,23
1468.2,22:14:51,33.9,74.5,12562,8.1,419,145.6,1032,7,14,7,8,1,5040,0,0.0,1,0,23,3,3,1,23
1470.3,22:14:53,32.6,74.5,12560,9.0,419,143.7,1032,7,14,7,8,1,5052,0,0.0,1,0,23,3,3,1,23
1472.4,22:14:55,33.5,74.5,12562,10.6,419,144.0,1032,7,14,7,8,1,5062,0,0.0,1,0,23,3,3,1,23
1474.5,22:14:58,32.4,74.5,12559,13.4,419,143.4,1032,7,14,7,8,1,5074,0,0.0,1,0,23,3,3,1,23
1476.6,22:15:00,33.9,74.5,12563,5.3,419,139.7,1032,7,14,7,8,1,5086,0,0.0,1,0,23,3,3,1,23
1478.6,22:15:02,33.5,74.5,12567,9.7,419,134.9,1032,7,14,7,8,1,5096,0,0.0,1,0,23,3,3,1,23
1480.7,22:15:04,32.5,74.5,12567,11.0,419,146.6,1032,7,14,7,8,1,5107,0,0.0,1,0,23,3,3,1,23
1482.9,22:15:06,32.6,74.6,12576,9.6,419,141.6,1033,7,14,7,8,1,5119,0,0.0,1,0,23,3,3,1,23
1484.9,22:15:08,31.9,74.5,12566,15.3,419,145.5,1033,7,14,7,8,1,5130,0,0.0,1,0,23,3,3,1,23
1487.0,22:15:10,33.0,74.5,12564,11.2,419,157.7,1033,7,14,7,8,1,5141,0,0.0,1,0,23,3,3,1,23
1489.1,22:15:12,32.7,74.5,12564,11.1,419,150.2,1033,7,14,7,8,1,5153,0,0.0,1,0,23,3,3,1,23
1491.2,22:15:14,33.9,74.5,12560,10.6,419,140.7,1033,7,14,7,8,1,5163,0,0.0,1,0,23,3,3,1,23
1493.4,22:15:16,35.9,74.5,12565,6.6,419,138.4,1033,7,14,7,8,1,5175,0,0.0,1,0,23,3,3,1,23
1495.5,22:15:19,33.7,74.5,12561,11.0,419,152.9,1033,7,14,7,8,1,5185,0,0.0,1,0,23,3,3,1,23
1497.6,22:15:21,32.9,74.5,12561,8.2,419,154.7,1033,7,14,7,8,1,5196,0,0.0,1,0,23,3,3,1,23
1499.7,22:15:23,35.6,74.5,12565,13.9,419,131.2,1033,7,14,7,8,1,5206,0,0.0,1,0,23,3,3,1,23
1501.9,22:15:25,33.0,74.6,12577,12.5,419,136.3,1032,7,14,7,8,1,5218,0,0.0,1,0,23,3,3,1,23
1504.0,22:15:27,34.6,74.5,12567,11.3,419,157.0,1032,7,14,7,8,1,5229,0,0.0,1,0,23,3,3,1,23
1506.1,22:15:29,34.1,74.5,12563,7.4,419,157.8,1033,7,14,7,8,1,5241,0,0.0,1,0,23,3,3,1,23
1508.2,22:15:31,36.6,74.8,12621,12.1,419,130.0,1033,7,14,7,8,1,5252,0,0.0,1,0,23,3,3,1,23
1510.2,22:15:33,35.6,74.8,12614,10.6,419,117.7,1033,7,14,7,8,1,5263,0,0.0,1,0,23,3,3,1,23
1512.3,22:15:35,34.5,74.8,12616,11.9,419,144.3,1033,7,14,7,8,1,5275,0,0.0,1,0,23,3,3,1,23
1514.4,22:15:37,34.5,74.8,12616,12.6,419,143.6,1032,7,14,7,8,1,5287,0,0.0,1,0,23,3,3,1,23
1516.5,22:15:40,36.0,74.9,12630,10.4,419,131.1,1032,7,14,7,8,1,5298,0,0.0,1,0,23,3,3,1,23
1518.6,22:15:42,34.6,74.8,12620,7.4,419,142.4,1032,7,14,7,8,1,5309,0,0.0,1,0,23,3,3,1,23
1520.7,22:15:44,32.3,74.9,12628,12.7,419,135.0,1032,7,14,7,8,1,5320,0,0.0,1,0,23,3,3,1,23
1522.8,22:15:46,35.7,74.9,12636,10.1,419,125.6,1032,7,14,7,8,1,5332,0,0.0,1,0,23,3,3,1,23
1525.0,22:15:48,37.5,74.8,12622,6.7,418,150.2,1032,7,14,7,8,1,5344,0,0.0,1,0,23,3,3,1,23
1527.1,22:15:50,33.8,74.8,12615,8.3,418,149.0,1032,7,14,7,8,1,5355,0,0.0,1,0,23,3,3,1,23
1529.1,22:15:52,32.9,74.8,12613,6.7,418,168.5,1032,7,14,7,8,1,5365,0,0.0,1,0,23,3,3,1,23
1531.2,22:15:54,37.5,74.8,12616,10.7,418,133.6,1032,7,14,7,8,1,5377,0,0.0,1,0,23,3,3,1,23
1533.3,22:15:56,35.9,74.8,12608,14.8,417,132.5,1032,7,14,7,8,1,5388,0,0.0,1,0,23,3,3,1,23
1535.4,22:15:58,34.2,74.8,12618,8.3,417,126.0,1032,7,14,7,8,1,5400,0,0.0,1,0,23,3,3,1,23
1537.5,22:16:01,34.7,74.8,12624,8.1,417,141.7,1032,7,14,7,8,1,5412,0,0.0,1,0,23,3,3,1,23
1539.6,22:16:03,31.6,74.9,12640,15.2,418,145.4,1032,7,14,7,8,1,5423,0,0.0,1,0,23,3,3,1,23
1541.7,22:16:05,33.1,74.7,12603,8.1,418,159.1,1032,7,14,7,8,1,5434,0,0.0,1,0,23,3,3,1,23
1543.8,22:16:07,33.8,74.7,12603,10.3,417,143.4,1032,7,14,7,8,1,5446,0,0.0,1,0,23,3,3,1,23
1545.9,22:16:09,33.4,74.7,12603,7.3,417,145.2,1032,7,14,7,8,1,5456,0,0.0,1,0,23,3,3,1,23
1548.0,22:16:11,32.2,74.7,12598,9.7,417,150.0,1032,7,14,7,8,1,5468,0,0.0,1,0,23,3,3,1,23
1550.1,22:16:13,34.4,74.8,12608,16.0,417,156.1,1032,7,14,7,8,1,5479,0,0.0,1,0,23,3,3,1,23
1552.2,22:16:15,33.8,74.7,12607,8.8,418,141.1,1032,7,14,7,8,1,5490,0,0.0,1,0,23,3,3,1,23
1554.3,22:16:17,37.0,74.7,12606,13.4,418,138.2,1032,7,14,7,8,1,5501,0,0.0,1,0,23,3,3,1,23
1556.4,22:16:19,32.1,74.7,12600,13.3,418,148.0,1032,7,14,7,8,1,5513,0,0.0,1,0,23,3,3,1,23
1558.5,22:16:22,33.5,74.7,12605,12.2,418,158.5,1032,7,14,7,8,1,5525,0,0.0,1,0,23,3,3,1,23
1560.6,22:16:24,32.2,74.8,12610,7.9,418,159.7,1032,7,14,7,8,1,5536,0,0.0,1,0,23,3,3,1,23
1562.8,22:16:26,34.0,74.8,12613,10.1,417,146.1,1032,7,14,7,8,1,5548,0,0.0,1,0,23,3,3,1,23
1564.9,22:16:28,32.4,74.7,12607,8.1,418,143.3,1032,7,14,7,8,1,5559,0,0.0,1,0,23,3,3,1,23
1567.0,22:16:30,32.3,74.7,12603,10.3,417,151.6,1032,7,14,7,8,1,5570,0,0.0,1,0,23,3,3,1,23
1569.2,22:16:32,32.4,74.7,12594,8.9,417,145.1,1032,7,14,7,8,1,5581,0,0.0,1,0,23,3,3,1,23
1571.3,22:16:34,29.6,74.7,12600,8.1,417,156.8,1032,7,14,7,8,1,5593,0,0.0,1,0,23,3,3,1,23
1573.4,22:16:36,32.7,74.7,12599,8.7,417,147.2,1032,7,14,7,8,1,5604,0,0.0,1,0,23,3,3,1,23
1575.6,22:16:39,34.8,74.7,12601,9.4,418,149.6,1032,7,14,7,8,1,5615,0,0.0,1,0,23,3,3,1,23
1577.7,22:16:41,33.8,74.7,12602,10.8,418,153.9,1033,7,14,7,8,1,5625,0,0.0,1,0,23,3,3,1,23
1579.9,22:16:43,32.6,74.7,12602,12.9,418,139.3,1032,7,14,7,8,1,5637,0,0.0,1,0,23,3,3,1,23
1582.0,22:16:45,34.2,74.7,12606,10.7,418,147.1,1032,7,14,7,8,1,5647,0,0.0,1,0,23,3,3,1,23
1584.1,22:16:47,31.6,74.7,12593,8.3,418,167.7,1032,7,14,7,8,1,5658,0,0.0,1,0,23,3,3,1,23
1586.1,22:16:49,36.0,74.7,12601,8.8,417,148.3,1032,7,14,7,8,1,5669,0,0.0,1,0,23,3,3,1,23
1588.2,22:16:51,33.6,74.7,12600,7.5,418,153.8,1032,7,14,7,8,1,5681,0,0.0,1,0,23,3,3,1,23
1590.3,22:16:53,32.5,74.7,12601,12.6,417,140.9,1032,7,14,7,8,1,5692,0,0.0,1,0,23,3,3,1,23
1592.5,22:16:55,33.7,74.7,12604,8.8,417,141.1,1032,7,14,7,8,1,5703,0,0.0,1,0,23,3,3,1,23
1594.6,22:16:58,32.6,74.7,12602,12.9,418,154.5,1032,7,14,7,8,1,5714,0,0.0,1,0,23,3,3,1,23
1596.8,22:17:00,34.4,74.7,12603,16.2,418,145.9,1032,7,14,7,8,1,5725,0,0.0,1,0,23,3,3,1,23
1598.9,22:17:02,30.9,74.7,12604,10.4,418,128.9,1032,7,14,7,8,1,5737,0,0.0,1,0,23,3,3,1,23
1601.0,22:17:04,32.4,74.7,12598,12.4,418,156.7,1032,7,14,7,8,1,5749,0,0.0,1,0,23,3,3,1,23
1603.1,22:17:06,31.6,74.7,12602,14.2,418,141.3,1033,7,14,7,8,1,5760,0,0.0,1,0,23,3,3,1,23
1605.2,22:17:08,32.8,74.8,12610,11.4,418,141.2,1033,7,14,7,8,1,5772,0,0.0,1,0,23,3,3,1,23
1607.3,22:17:10,33.9,74.7,12599,14.3,418,146.6,1033,7,14,7,8,1,5783,0,0.0,1,0,23,3,3,1,23
1609.5,22:17:13,32.1,74.7,12601,16.8,418,145.6,1033,7,14,7,8,1,5795,0,0.0,1,0,23,3,3,1,23
1611.6,22:17:15,32.6,74.8,12619,10.2,418,149.8,1033,7,14,7,8,1,5806,0,0.0,1,0,23,3,3,1,23
1613.7,22:17:17,33.2,74.9,12631,17.2,418,148.0,1033,7,14,7,8,1,5818,0,0.0,1,0,23,3,3,1,23
1615.9,22:17:19,31.5,74.8,12617,12.4,418,154.4,1033,7,14,7,8,1,5829,0,0.0,1,0,23,3,3,1,23
1618.1,22:17:21,34.4,74.8,12616,11.1,418,164.1,1033,7,14,7,8,1,5840,0,0.0,1,0,23,3,3,1,23
1620.1,22:17:23,33.3,74.8,12623,9.9,418,144.0,1033,7,14,7,8,1,5852,0,0.0,1,0,23,3,3,1,23
1622.2,22:17:25,34.5,74.9,12629,6.7,418,139.7,1033,7,14,7,8,1,5863,0,0.0,1,0,23,3,3,1,23
1624.3,22:17:27,31.7,74.9,12635,13.3,418,148.1,1033,7,14,7,8,1,5874,0,0.0,1,0,23,3,3,1,23
1626.4,22:17:29,33.9,74.8,12622,5.3,418,135.3,1033,7,14,7,8,1,5885,0,0.0,1,0,23,3,3,1,23
1628.5,22:17:32,35.3,74.9,12625,9.8,418,140.8,1033,7,14,7,8,1,5895,0,0.0,1,0,23,3,3,1,23
1630.6,22:17:34,36.2,74.9,12641,11.0,418,128.9,1033,7,14,7,8,1,5906,0,0.0,1,0,23,3,3,1,23
1632.7,22:17:36,39.2,74.9,12635,6.6,418,125.2,1033,7,14,7,8,1,5918,0,0.0,1,0,23,3,3,1,23
1634.8,22:17:38,37.9,74.9,12632,9.0,418,115.2,1033,7,14,7,8,1,5930,0,0.0,1,0,23,3,3,1,23
1636.9,22:17:40,36.7,74.9,12635,9.6,418,128.0,1033,7,14,7,8,1,5942,0,0.0,1,0,23,3,3,1,23
1638.9,22:17:42,36.9,74.9,12636,13.1,418,124.0,1033,7,14,7,8,1,5954,0,0.0,1,0,23,3,3,1,23
1641.1,22:17:44,37.7,74.9,12634,9.8,418,119.1,1033,7,14,7,8,1,5965,0,0.0,1,0,23,3,3,1,23
1643.1,22:17:46,35.9,74.9,12640,9.6,418,130.9,1033,7,14,7,8,1,5977,0,0.0,1,0,23,3,3,1,23
1645.3,22:17:48,38.6,74.9,12638,8.0,418,109.4,1033,7,14,7,8,1,5988,0,0.0,1,0,23,3,3,1,23
1647.3,22:17:50,36.5,74.9,12638,9.8,418,117.2,1033,7,14,7,8,1,6000,0,0.0,1,0,23,3,3,1,23
1649.4,22:17:52,39.2,79.7,13447,20.4,381,119.4,1033,7,12,7,7,1,6012,0,0.0,1,0,23,3,3,1,23
1651.6,22:17:55,38.7,74.9,12634,7.1,418,120.6,1033,7,14,7,7,1,6025,0,0.0,1,0,23,3,3,1,23
1653.8,22:17:57,36.6,74.9,12626,8.4,418,123.7,1033,7,14,7,8,1,6036,0,0.0,1,0,23,3,3,1,23
1655.8,22:17:59,35.7,74.8,12611,11.4,418,127.8,1033,7,14,7,8,1,6047,0,0.0,1,0,23,3,3,1,23
1657.9,22:18:01,35.4,74.9,12632,7.8,418,141.8,1033,7,14,7,8,1,6058,0,0.0,1,0,23,3,3,1,23
1660.1,22:18:03,38.0,75.0,12643,11.7,421,125.0,1033,7,14,7,8,1,6070,0,0.0,1,0,24,3,3,1,24
1662.2,22:18:05,33.4,75.5,12733,13.5,421,146.4,1033,7,14,7,8,1,6082,0,0.0,1,0,24,3,3,1,24
1664.3,22:18:07,35.7,75.0,12643,12.2,421,131.6,1033,7,14,7,8,1,6093,0,0.0,1,0,23,3,3,1,23
1666.3,22:18:09,41.0,75.0,12645,6.1,421,125.5,1033,7,14,7,8,1,6105,0,0.0,1,0,23,3,3,1,23
1668.4,22:18:11,37.1,75.0,12644,4.6,421,70.2,1033,7,14,7,8,1,6117,0,0.0,1,0,23,3,3,1,23
1670.4,22:18:13,39.7,75.7,12767,6.2,421,112.2,1033,7,14,7,8,1,6127,0,0.0,1,0,23,3,3,1,23
1672.5,22:18:16,36.0,75.0,12643,14.1,421,132.3,1033,7,14,7,8,1,6139,0,0.0,1,0,23,3,3,1,23
1674.6,22:18:18,37.2,74.8,12623,10.5,421,125.5,1033,7,14,7,8,1,6151,0,0.0,1,0,23,3,3,1,23
1676.7,22:18:20,38.0,74.8,12622,6.7,421,114.9,1033,7,14,7,8,1,6163,0,0.0,1,0,23,3,3,1,23
1678.8,22:18:22,35.5,75.5,12735,11.2,421,125.6,1033,7,14,7,8,1,6175,0,0.0,1,0,23,3,3,1,23
1681.0,22:18:24,38.9,74.7,12604,8.8,421,130.6,1033,7,14,7,8,1,6187,0,0.0,1,0,23,3,3,1,23
1683.1,22:18:26,34.6,74.7,12605,14.4,421,129.3,1033,7,14,7,8,1,6200,0,0.0,1,0,23,3,3,1,23
1685.2,22:18:28,39.5,74.7,12603,13.8,421,107.9,1033,7,14,7,8,1,6211,0,0.0,1,0,23,3,3,1,23
1687.4,22:18:30,40.6,74.8,12615,10.1,421,123.5,1033,7,14,7,8,1,6223,0,0.0,1,0,23,3,3,1,23
1689.5,22:18:33,34.6,74.8,12612,9.1,421,130.1,1033,7,14,7,8,1,6235,0,0.0,1,0,23,3,3,1,23
1691.5,22:18:35,35.4,74.1,12497,10.6,400,120.1,1033,7,14,7,8,1,6247,0,0.0,1,0,23,3,3,1,23
1693.6,22:18:37,37.1,73.8,12451,9.4,400,132.8,1033,7,14,7,8,1,6258,0,0.0,1,0,23,3,3,1,23
1695.8,22:18:39,38.5,73.7,12432,14.9,400,116.8,1033,7,14,7,8,1,6270,0,0.0,1,0,23,3,3,1,23
1697.8,22:18:41,36.8,73.3,12365,7.9,400,126.2,1033,7,14,7,8,1,6282,0,0.0,1,0,23,3,3,1,23
1700.0,22:18:43,39.5,72.9,12302,16.2,400,121.8,1033,7,14,7,8,1,6294,0,0.0,1,0,23,3,3,1,23
1702.1,22:18:45,39.7,72.8,12281,13.7,400,115.6,1033,7,14,7,8,1,6306,0,0.0,1,0,23,3,3,1,23
1704.2,22:18:47,33.2,72.2,12182,11.8,400,129.8,1033,7,14,7,8,1,6318,0,0.0,1,0,23,3,3,1,23
1706.3,22:18:49,35.6,71.7,12092,8.9,400,122.5,1033,7,14,7,8,1,6329,0,0.0,1,0,23,3,3,1,23
1708.4,22:18:51,35.2,71.7,12094,13.0,400,144.0,1033,7,14,7,8,1,6341,0,0.0,1,0,23,3,3,1,23
1710.6,22:18:54,34.7,71.7,12094,11.9,400,158.6,1033,7,14,7,8,1,6352,0,0.0,1,0,23,3,3,1,23
1712.7,22:18:56,33.9,71.8,12108,15.1,400,121.8,1033,7,14,7,8,1,6364,0,0.0,1,0,23,3,3,1,23
1714.7,22:18:58,32.8,71.9,12122,9.1,400,142.3,1033,7,14,7,8,1,6376,0,0.0,1,0,23,3,3,1,23
1716.8,22:19:00,33.8,71.9,12132,11.8,402,126.0,1033,7,14,7,8,1,6387,0,0.0,1,0,23,3,3,1,23
1719.5,22:19:03,36.6,71.9,12135,11.0,402,125.6,1033,7,14,7,8,1,6399,0,0.0,1,0,23,3,3,1,23
1721.6,22:19:05,35.2,71.9,12124,9.8,402,118.8,1033,7,14,7,8,1,6410,0,0.0,1,0,23,3,3,1,23
1723.7,22:19:07,36.6,71.9,12121,8.8,402,122.3,1033,7,14,7,8,1,6421,0,0.0,1,0,23,3,3,1,23
1725.8,22:19:09,37.6,71.9,12126,10.2,402,123.4,1033,7,14,7,8,1,6433,0,0.0,1,0,23,3,3,1,23
1727.9,22:19:11,36.8,71.9,12125,12.2,402,128.2,1033,7,14,7,8,1,6445,0,0.0,1,0,23,3,3,1,23
1730.1,22:19:13,37.4,72.0,12137,6.2,402,125.4,1033,7,14,7,8,1,6457,0,0.0,1,0,23,3,3,1,23
1732.4,22:19:15,38.1,71.9,12131,12.9,402,113.8,1033,7,14,7,8,1,6469,0,0.0,1,0,23,3,3,1,23
1734.5,22:19:18,37.5,71.9,12130,14.2,402,129.8,1033,7,14,7,8,1,6480,0,0.0,1,0,23,3,3,1,23
1736.6,22:19:20,39.0,71.9,12122,13.4,402,127.5,1033,7,14,7,8,1,6492,0,0.0,1,0,23,3,3,1,23
1738.7,22:19:22,35.8,71.9,12126,6.7,402,125.7,1033,7,14,7,8,1,6504,0,0.0,1,0,23,3,3,1,23
1740.7,22:19:24,38.3,71.9,12129,8.2,402,119.1,1033,7,14,7,8,1,6516,0,0.0,1,0,23,3,3,1,23
1742.9,22:19:26,35.5,71.9,12124,12.7,402,133.0,1033,7,14,7,8,1,6527,0,0.0,1,0,23,3,3,1,23
1745.1,22:19:28,33.3,71.9,12132,9.7,402,147.5,1033,7,14,7,8,1,6538,0,0.0,1,0,23,3,3,1,23
1747.2,22:19:30,34.6,71.9,12128,11.8,402,139.6,1033,7,14,7,8,1,6550,0,0.0,1,0,23,3,3,1,23
1749.3,22:19:32,34.1,71.9,12119,10.4,402,126.0,1033,7,14,7,8,1,6561,0,0.0,1,0,23,3,3,1,23
1751.4,22:19:34,38.6,71.8,12114,9.5,402,131.2,1033,7,14,7,8,1,6573,0,0.0,1,0,23,3,3,1,23
1753.5,22:19:37,34.5,71.9,12127,10.2,402,133.7,1033,7,14,7,8,1,6585,0,0.0,1,0,23,3,3,1,23
1755.6,22:19:39,32.6,71.9,12124,11.1,402,140.5,1033,7,14,7,8,1,6597,0,0.0,1,0,23,3,3,1,23
1757.8,22:19:41,33.7,71.9,12121,11.4,402,130.8,1033,7,14,7,8,1,6608,0,0.0,1,0,23,3,3,1,23
1759.8,22:19:43,37.5,71.9,12131,11.4,402,129.1,1033,7,14,7,8,1,6620,0,0.0,1,0,23,3,3,1,23
1762.0,22:19:45,34.9,71.9,12133,8.9,400,130.4,1033,7,14,7,8,1,6631,0,0.0,1,0,23,3,3,1,23
1764.1,22:19:47,32.9,71.9,12134,13.4,400,166.3,1033,7,14,7,8,1,6643,0,0.0,1,0,23,3,3,1,23
1766.2,22:19:49,34.0,73.5,12394,12.7,826,132.5,1033,7,14,7,8,1,6655,0,0.0,1,0,23,3,3,1,23
1768.3,22:19:51,35.5,72.4,12213,14.2,400,129.9,1033,7,14,7,8,1,6667,0,0.0,1,0,23,3,3,1,23
1770.4,22:19:53,34.5,71.9,12132,9.8,400,123.8,1033,7,14,7,8,1,6678,0,0.0,1,0,23,3,3,1,23
1772.4,22:19:55,34.3,71.9,12131,12.7,400,134.8,1033,7,14,7,8,1,6690,0,0.0,1,0,23,3,3,1,23
1774.5,22:19:58,33.9,72.0,12137,10.4,400,131.6,1033,7,14,7,8,1,6701,0,0.0,1,0,23,3,3,1,23
1776.6,22:20:00,32.6,72.5,12227,10.6,400,143.6,1033,7,14,7,8,1,6712,0,0.0,1,0,23,3,3,1,23
1778.7,22:20:02,34.4,72.1,12166,8.1,400,140.2,1033,7,14,7,8,1,6722,0,0.0,1,0,23,3,3,1,23
1780.8,22:20:04,34.0,72.2,12172,9.1,400,124.4,1033,7,14,7,8,1,6734,0,0.0,1,0,23,3,3,1,23
1782.9,22:20:06,32.4,72.1,12161,10.8,400,148.4,1033,7,14,7,8,1,6745,0,0.0,1,0,23,3,3,1,23
1785.0,22:20:08,36.2,72.1,12158,17.7,400,151.6,1033,7,14,7,8,1,6757,0,0.0,1,0,23,3,3,1,23
1787.1,22:20:10,32.1,72.1,12162,13.9,400,139.5,1033,7,14,7,8,1,6767,0,0.0,1,0,23,3,3,1,23
1789.3,22:20:12,33.2,72.1,12160,6.6,400,149.6,1033,7,14,7,8,1,6778,0,0.0,1,0,23,3,3,1,23
1791.4,22:20:14,31.7,72.1,12156,16.0,400,146.1,1033,7,14,7,8,1,6789,0,0.0,1,0,23,3,3,1,23
1793.5,22:20:17,34.0,72.1,12152,8.8,400,153.9,1033,7,14,7,8,1,6800,0,0.0,1,0,23,3,3,1,23
1795.7,22:20:19,33.6,72.1,12155,11.4,400,137.7,1033,7,14,7,8,1,6812,0,0.0,1,0,23,3,3,1,23
1797.9,22:20:21,34.6,72.1,12161,14.9,400,153.2,1033,7,14,7,8,1,6824,0,0.0,1,0,23,3,3,1,23
1800.1,22:20:23,31.0,72.1,12158,8.3,400,140.3,1033,7,14,7,8,1,6835,0,0.0,1,0,23,3,3,1,23
1802.1,22:20:25,34.0,72.1,12161,11.0,400,148.2,1033,7,14,7,8,1,6847,0,0.0,1,0,23,3,3,1,23
1804.3,22:20:27,33.1,72.1,12158,9.7,400,149.2,1033,7,14,7,8,1,6859,0,0.0,1,0,23,3,3,1,23
1806.4,22:20:29,34.0,72.1,12158,13.2,400,134.4,1033,7,14,7,8,1,6869,0,0.0,1,0,23,3,3,1,23
1808.5,22:20:32,34.3,72.1,12160,10.7,400,134.5,1033,7,14,7,8,1,6881,0,0.0,1,0,23,3,3,1,23
1810.5,22:20:34,33.3,72.1,12160,7.3,400,152.8,1033,7,14,7,8,1,6891,0,0.0,1,0,23,3,3,1,23
1812.7,22:20:36,35.0,72.1,12160,10.9,400,119.8,1033,7,14,7,8,1,6903,0,0.0,1,0,23,3,3,1,23
1814.8,22:20:38,34.9,71.9,12134,11.6,400,130.0,1033,7,14,7,8,1,6914,0,0.0,1,0,23,3,3,1,23
1817.0,22:20:40,33.2,71.9,12125,12.4,400,144.6,1033,7,14,7,8,1,6926,0,0.0,1,0,23,3,3,1,23
1819.1,22:20:42,35.0,71.9,12124,13.1,400,127.2,1033,7,14,7,8,1,6938,0,0.0,1,0,23,3,3,1,23
1821.2,22:20:44,33.5,71.9,12122,13.6,400,151.3,1033,7,14,7,8,1,6949,0,0.0,1,0,23,3,3,1,23
1823.4,22:20:46,34.6,71.9,12124,11.5,400,130.9,1033,7,14,7,8,1,6960,0,0.0,1,0,23,3,3,1,23
1825.5,22:20:49,34.1,72.0,12140,11.1,400,154.6,1033,7,14,7,8,1,6972,0,0.0,1,0,23,3,3,1,23
1827.6,22:20:51,32.6,71.9,12129,15.4,400,154.3,1033,7,14,7,8,1,6984,0,0.0,1,0,23,3,3,1,23
1829.8,22:20:53,34.0,71.9,12120,5.1,400,150.9,1033,7,14,7,8,1,6995,0,0.0,1,0,23,3,3,1,23
1831.9,22:20:55,35.9,71.9,12129,16.3,400,115.4,1033,7,14,7,8,1,7007,0,0.0,1,0,23,3,3,1,23
1834.1,22:20:57,35.3,71.9,12124,10.3,400,127.3,1033,7,14,7,8,1,7018,0,0.0,1,0,23,3,3,1,23
1836.2,22:20:59,36.8,71.9,12128,10.5,401,121.7,1033,7,14,7,8,1,7030,0,0.0,1,0,23,3,3,1,23
1838.3,22:21:01,34.9,71.9,12126,11.1,401,123.2,1033,7,14,7,8,1,7042,0,0.0,1,0,23,3,3,1,23
1840.4,22:21:03,35.3,71.8,12114,7.6,401,130.1,1033,7,14,7,8,1,7053,0,0.0,1,0,23,3,3,1,23
1842.5,22:21:05,35.5,71.8,12114,8.1,401,134.3,1033,7,14,7,8,1,7065,0,0.0,1,0,23,3,3,1,23
1844.6,22:21:08,37.7,71.9,12124,11.9,401,121.2,1033,7,14,7,8,1,7077,0,0.0,1,0,23,3,3,1,23
1846.7,22:21:10,37.6,71.9,12135,17.9,401,117.1,1033,7,14,7,8,1,7088,0,0.0,1,0,23,3,3,1,23
1848.9,22:21:12,36.4,72.0,12143,18.3,405,113.9,1033,7,14,7,8,1,7100,0,0.0,1,0,23,3,3,1,23
1851.1,22:21:14,33.8,72.0,12139,10.3,405,121.1,1033,7,14,7,8,1,7112,0,0.0,1,0,23,3,3,1,23
1853.2,22:21:16,37.6,71.9,12130,12.1,405,120.9,1033,7,14,7,8,1,7124,0,0.0,1,0,23,3,3,1,23
1855.2,22:21:18,33.8,71.9,12133,9.9,405,132.7,1033,7,14,7,8,1,7135,0,0.0,1,0,23,3,3,1,23
1857.3,22:21:20,30.4,71.9,12134,9.1,405,166.7,1033,7,14,7,8,1,7147,0,0.0,1,0,23,3,3,1,23
1859.4,22:21:22,35.4,71.9,12131,9.6,405,140.3,1033,7,14,7,8,1,7158,0,0.0,1,0,23,3,3,1,23
1861.5,22:21:25,35.3,71.9,12128,12.3,405,147.7,1033,7,14,7,8,1,7169,0,0.0,1,0,23,3,3,1,23
1863.6,22:21:27,38.1,71.9,12128,8.4,405,122.4,1033,7,14,7,8,1,7181,0,0.0,1,0,23,3,3,1,23
1865.7,22:21:29,31.5,71.9,12128,11.3,405,140.6,1033,7,14,7,8,1,7192,0,0.0,1,0,23,3,3,1,23
1867.8,22:21:31,33.6,71.9,12134,6.4,405,141.2,1033,7,14,7,8,1,7204,0,0.0,1,0,23,3,3,1,23
1869.9,22:21:33,32.6,71.9,12131,10.4,405,157.7,1033,7,14,7,8,1,7215,0,0.0,1,0,23,3,3,1,23
1872.0,22:21:35,34.7,72.0,12140,9.5,405,158.1,1033,7,14,7,8,1,7227,0,0.0,1,0,23,3,3,1,23
1874.2,22:21:37,34.5,71.9,12134,13.6,405,146.8,1033,7,14,7,8,1,7237,0,0.0,1,0,23,3,3,1,23
1876.2,22:21:39,34.6,72.1,12156,8.9,406,124.1,1070,9,16,7,8,1,7249,0,0.0,1,1,25,3,3,1,25
1878.3,22:21:41,31.5,73.6,12406,11.7,406,189.1,1344,9,16,7,8,1,7260,0,0.0,1,1,25,3,3,1,25
1880.5,22:21:44,37.6,75.1,12667,7.3,406,160.5,1530,9,16,7,9,1,7272,0,0.0,1,1,25,3,3,1,25
1882.6,22:21:46,34.0,75.7,12773,10.3,405,145.3,1531,9,16,7,10,1,7284,0,0.0,1,1,27,3,3,1,27
1884.7,22:21:48,37.3,75.1,12671,11.2,406,151.3,1522,9,16,7,10,1,7295,0,0.0,1,1,25,3,3,1,25
1886.9,22:21:50,34.2,75.0,12655,6.9,406,152.9,1522,9,16,7,10,1,7307,0,0.0,1,1,25,3,3,1,25
1889.1,22:21:52,37.8,75.1,12658,12.5,406,153.0,1523,9,16,7,10,1,7319,0,0.0,1,1,25,3,3,1,25
1891.2,22:21:54,36.8,75.0,12657,9.7,406,148.3,1523,9,16,7,10,1,7331,0,0.0,1,1,25,3,3,1,25
1893.3,22:21:56,39.6,75.0,12654,11.1,407,131.5,1523,9,16,7,10,1,7343,0,0.0,1,1,25,3,3,1,25
1895.4,22:21:58,40.8,75.0,12647,17.5,407,150.1,1524,9,16,7,10,1,7355,0,0.0,1,1,25,3,3,1,25
1897.6,22:22:01,37.5,75.1,12659,8.8,407,135.3,1523,9,16,7,10,1,7367,0,0.0,1,1,25,3,3,1,25
1899.7,22:22:03,36.1,75.0,12651,14.1,407,140.2,1523,9,16,7,10,1,7378,0,0.0,1,1,25,3,3,1,25
1901.8,22:22:05,40.6,75.0,12655,6.9,407,134.3,1523,9,16,7,10,1,7389,0,0.0,1,1,25,3,3,1,25
1904.1,22:22:07,37.7,75.0,12647,11.0,407,146.6,1523,9,16,7,10,1,7401,0,0.0,1,1,25,3,3,1,25
1906.2,22:22:09,38.6,75.0,12654,11.1,407,143.5,1565,11,18,7,11,1,7413,0,0.0,1,1,25,3,3,1,25
1908.4,22:22:11,37.6,76.5,12907,8.1,406,189.1,1788,11,18,7,11,1,7424,0,0.0,1,1,25,3,3,1,25
1910.5,22:22:14,38.3,74.7,12599,10.2,406,176.9,1516,9,16,7,11,1,7436,0,0.0,1,1,25,3,3,1,25
1912.6,22:22:16,37.9,74.9,12627,16.9,406,172.0,1517,9,16,7,10,1,7447,0,0.0,1,1,25,3,3,1,25
1914.8,22:22:18,38.8,74.9,12629,7.6,406,145.6,1517,9,16,7,10,1,7459,0,0.0,1,1,25,3,3,1,25
1916.8,22:22:20,37.9,74.8,12618,9.8,406,137.6,1509,9,16,7,10,1,7471,0,0.0,1,1,25,3,3,1,25
1918.9,22:22:22,38.0,75.0,12644,9.1,407,141.0,1509,9,16,7,10,1,7481,0,0.0,1,1,25,3,3,1,25
1921.1,22:22:24,34.1,75.0,12649,12.5,407,142.9,1509,9,16,7,10,1,7493,0,0.0,1,1,26,3,3,1,26
1923.2,22:22:26,37.8,71.8,12104,23.7,407,68.2,863,5,12,7,10,1,7504,0,0.0,1,1,25,3,3,1,25
1925.3,22:22:28,34.1,70.4,11881,10.7,407,69.6,900,7,14,7,7,1,7515,0,0.0,1,1,25,3,3,1,25
1927.4,22:22:30,33.8,72.8,12277,12.6,407,147.1,1231,7,14,7,8,1,7527,0,0.0,1,1,25,3,3,1,25
1929.5,22:22:33,35.1,72.8,12275,10.6,407,127.1,1232,7,14,7,8,1,7539,0,0.0,1,1,25,3,3,1,25
1931.5,22:22:35,36.8,73.0,12320,12.4,407,114.9,1232,7,14,7,8,1,7550,0,0.0,1,1,25,3,3,1,25
1933.7,22:22:37,34.2,72.7,12265,14.4,407,129.2,1232,7,14,7,8,1,7562,0,0.0,1,1,25,3,3,1,25
1935.8,22:22:39,31.7,72.7,12265,12.6,407,133.1,1232,7,14,7,8,1,7572,0,0.0,1,1,25,3,3,1,25
1937.9,22:22:41,31.8,72.7,12264,14.0,407,129.9,1231,7,14,7,8,1,7584,0,0.0,1,1,25,3,3,1,25
1940.1,22:22:43,34.4,72.7,12258,10.7,407,125.0,1232,7,14,7,8,1,7595,0,0.0,1,1,25,3,3,1,25
1942.1,22:22:45,36.4,72.7,12265,10.3,406,113.6,1232,7,14,7,8,1,7607,0,0.0,1,1,25,3,3,1,25
1944.2,22:22:47,35.1,72.6,12253,13.0,406,108.8,1232,7,14,7,8,1,7618,0,0.0,1,1,25,3,3,1,25
1946.3,22:22:49,35.6,72.6,12249,11.2,406,112.7,1232,7,14,7,8,1,7629,0,0.0,1,1,25,3,3,1,25
1948.4,22:22:51,38.9,72.8,12284,9.9,406,104.6,1232,7,14,7,8,1,7641,0,0.0,1,1,25,3,3,1,25
1950.5,22:22:54,35.7,72.8,12281,8.8,406,106.7,1232,7,14,7,8,1,7653,0,0.0,1,1,25,3,3,1,25
1952.6,22:22:56,37.0,72.8,12281,8.3,406,91.7,1232,7,14,7,8,1,7665,0,0.0,1,1,25,3,3,1,25
1954.7,22:22:58,35.6,72.8,12277,9.9,406,103.9,1232,7,14,7,8,1,7677,0,0.0,1,1,25,3,3,1,25
1956.7,22:23:00,36.9,72.8,12284,7.3,406,109.0,1232,7,14,7,8,1,7689,0,0.0,1,1,25,3,3,1,25
1958.9,22:23:02,35.5,72.8,12277,14.1,406,107.9,1232,7,14,7,8,1,7700,0,0.0,1,1,25,3,3,1,25
1960.9,22:23:04,36.2,72.8,12273,9.3,407,116.4,1232,7,14,7,8,1,7711,0,0.0,1,1,25,3,3,1,25
1963.1,22:23:06,36.5,72.8,12277,12.9,407,103.1,1232,7,14,7,8,1,7723,0,0.0,1,1,25,3,3,1,25
1965.2,22:23:08,35.8,73.0,12312,9.0,407,114.0,1233,7,14,7,8,1,7734,0,0.0,1,1,25,3,3,1,25
1967.3,22:23:10,36.7,72.9,12297,11.4,407,106.1,1233,7,14,7,8,1,7746,0,0.0,1,1,25,3,3,1,25
1969.3,22:23:12,37.9,72.9,12303,14.4,407,100.3,1233,7,14,7,8,1,7757,0,0.0,1,1,25,3,3,1,25
1971.4,22:23:14,37.3,73.0,12312,12.6,407,103.8,1233,7,14,7,8,1,7770,0,0.0,1,1,25,3,3,1,25
1973.5,22:23:17,35.4,73.0,12318,5.9,407,111.5,1233,7,14,7,8,1,7781,0,0.0,1,1,25,3,3,1,25
1975.6,22:23:19,37.1,73.0,12308,9.0,407,101.1,1233,7,14,7,8,1,7794,0,0.0,1,1,25,3,3,1,25
1977.7,22:23:21,34.5,72.9,12302,11.9,407,114.9,1233,7,14,7,8,1,7806,0,0.0,1,1,25,3,3,1,25
1979.8,22:23:23,35.9,73.0,12306,11.2,407,98.6,1233,7,14,7,8,1,7817,0,0.0,1,1,25,3,3,1,25
1981.9,22:23:25,37.3,72.9,12303,16.9,407,96.9,1232,7,14,7,8,1,7828,0,0.0,1,1,25,3,3,1,25
1984.0,22:23:27,36.8,72.9,12303,12.4,407,95.2,1232,7,14,7,8,1,7840,0,0.0,1,1,25,3,3,1,25
1986.1,22:23:29,36.9,72.9,12300,8.8,407,116.5,1232,7,14,7,8,1,7852,0,0.0,1,1,25,3,3,1,25
1988.3,22:23:31,32.8,72.9,12300,13.4,407,134.1,1232,7,14,7,8,1,7863,0,0.0,1,1,25,3,3,1,25
1990.5,22:23:34,34.5,72.9,12300,12.7,406,116.2,1232,7,14,7,8,1,7875,0,0.0,1,1,25,3,3,1,25
1992.5,22:23:36,33.7,72.9,12291,8.1,381,114.7,1132,7,14,7,8,1,7887,0,0.0,1,1,25,3,3,1,25
1994.7,22:23:38,37.5,72.7,12255,14.3,381,104.5,1168,9,16,7,8,1,7900,0,0.0,1,1,25,3,3,1,25
1996.7,22:23:40,35.9,75.0,12656,9.7,381,159.7,1604,9,16,7,9,1,7912,0,0.0,1,1,25,3,3,1,25
1998.8,22:23:42,38.3,75.0,12644,13.9,381,111.3,1604,9,16,7,9,1,7923,0,0.0,1,1,25,3,3,1,25
2001.0,22:23:44,39.6,75.0,12658,14.3,380,120.6,1605,9,16,7,12,1,7935,0,0.0,1,1,25,3,3,1,25
2003.2,22:23:46,34.9,75.0,12651,14.6,380,123.6,1597,9,16,7,10,1,7947,0,0.0,1,1,25,3,3,1,25
2005.3,22:23:48,37.9,75.1,12662,8.2,380,126.9,1597,9,16,7,10,1,7959,0,0.0,1,1,25,3,3,1,25
2007.4,22:23:50,32.3,75.0,12649,15.7,381,152.0,1597,9,16,7,10,1,7970,0,0.0,1,1,25,3,3,1,25
2009.5,22:23:53,34.5,74.9,12631,14.4,381,133.1,1598,9,16,7,10,1,7982,0,0.0,1,1,25,3,3,1,25
2011.6,22:23:55,34.5,72.5,12235,9.8,381,114.1,650,5,12,7,8,1,7993,0,0.0,1,1,25,3,3,1,25
2013.6,22:23:57,34.3,69.0,11643,9.6,381,97.0,659,5,12,7,8,1,8005,0,0.0,1,1,25,3,3,1,25
2015.8,22:23:59,32.9,69.0,11639,14.8,381,99.6,659,5,12,7,6,1,8017,0,0.0,1,1,25,3,3,1,25
2017.8,22:24:01,32.3,69.1,11647,10.0,381,113.0,659,5,12,7,6,1,8029,0,0.0,1,1,25,3,3,1,25
2019.9,22:24:03,33.8,69.0,11642,11.8,381,128.2,659,5,12,7,6,1,8040,0,0.0,1,1,25,3,3,1,25
2022.0,22:24:05,31.4,69.0,11643,8.4,381,108.2,659,5,12,7,6,1,8051,0,0.0,1,1,25,3,3,1,25
2024.1,22:24:07,32.5,69.0,11643,16.3,381,99.3,659,5,12,7,6,1,8062,0,0.0,1,1,25,3,3,1,25
2026.2,22:24:09,29.7,69.0,11637,12.7,381,115.4,659,5,12,7,6,1,8073,0,0.0,1,1,25,3,3,1,25
2028.3,22:24:11,32.1,69.0,11636,9.3,381,133.3,659,5,12,7,6,1,8084,0,0.0,1,1,25,3,3,1,25
2030.4,22:24:13,32.7,69.0,11639,15.6,382,108.1,659,5,12,7,6,1,8094,0,0.0,1,1,25,3,3,1,25
2032.5,22:24:16,32.4,69.0,11636,8.2,382,117.7,659,5,12,7,6,1,8106,0,0.0,1,1,25,3,3,1,25
2034.6,22:24:18,31.8,69.0,11630,15.5,382,121.3,659,5,12,7,6,1,8117,0,0.0,1,1,26,3,3,1,26
2036.7,22:24:20,34.7,69.0,11631,14.2,382,113.2,659,5,12,7,6,1,8129,0,0.0,1,1,25,3,3,1,25
2038.8,22:24:22,33.7,69.0,11632,15.1,382,109.6,659,5,12,7,6,1,8141,0,0.0,1,1,25,3,3,1,25
2040.9,22:24:24,32.7,68.9,11629,14.6,382,112.8,657,5,12,7,6,1,8153,0,0.0,1,1,25,3,3,1,25
2043.1,22:24:26,35.4,69.0,11633,8.8,383,97.7,657,5,12,7,6,1,8164,0,0.0,1,1,25,3,3,1,25
2045.3,22:24:28,35.3,69.0,11640,11.0,383,91.7,657,5,12,7,6,1,8176,0,0.0,1,1,25,3,3,1,25
2047.5,22:24:30,35.0,69.0,11636,15.1,383,72.1,657,5,12,7,6,1,8188,0,0.0,1,1,25,3,3,1,25
2049.5,22:24:33,38.2,69.1,11648,9.0,383,80.0,657,5,12,7,6,1,8200,0,0.0,1,1,25,3,3,1,25
2051.6,22:24:35,31.9,69.0,11638,11.8,383,96.7,657,5,12,7,6,1,8212,0,0.0,1,1,25,3,3,1,25
2053.7,22:24:37,37.2,69.4,11708,8.9,383,77.9,657,5,12,7,6,1,8224,0,0.0,1,1,25,3,3,1,25
2055.8,22:24:39,35.3,69.0,11641,9.7,383,81.4,657,5,12,7,6,1,8234,0,0.0,1,1,25,3,3,1,25
2057.9,22:24:41,35.5,69.0,11642,12.5,383,89.0,657,5,12,7,6,1,8246,0,0.0,1,1,25,3,3,1,25
2060.0,22:24:43,33.2,69.0,11641,10.4,383,89.0,657,5,12,7,6,1,8258,0,0.0,1,1,25,3,3,1,25
2062.1,22:24:45,36.3,69.0,11645,11.1,383,85.1,657,5,12,7,6,1,8270,0,0.0,1,1,25,3,3,1,25
2064.3,22:24:47,33.4,69.0,11637,11.1,383,88.4,657,5,12,7,6,1,8281,0,0.0,1,1,25,3,3,1,25
2066.4,22:24:49,31.4,69.0,11640,8.4,383,112.2,657,5,12,7,6,1,8293,0,0.0,1,1,25,3,3,1,25
2068.5,22:24:52,34.2,69.0,11638,12.2,383,110.1,657,5,12,7,6,1,8305,0,0.0,1,1,25,3,3,1,25
2070.5,22:24:54,36.1,69.0,11640,8.3,383,89.0,657,5,12,7,6,1,8316,0,0.0,1,1,25,3,3,1,25
2072.6,22:24:56,32.0,69.0,11642,8.2,383,106.2,657,5,12,7,6,1,8328,0,0.0,1,1,25,3,3,1,25
2074.7,22:24:58,31.8,69.0,11634,14.0,383,105.9,657,5,12,7,6,1,8339,0,0.0,1,1,26,3,3,1,26
2076.8,22:25:00,31.2,69.0,11645,11.1,383,113.2,657,5,12,7,6,1,8351,0,0.0,1,1,25,3,3,1,25
2078.9,22:25:02,32.3,69.0,11640,9.1,383,115.6,657,5,12,7,6,1,8362,0,0.0,1,1,25,3,3,1,25
2081.0,22:25:04,29.9,69.0,11639,12.0,383,119.2,657,5,12,7,6,1,8374,0,0.0,1,1,25,3,3,1,25
2083.1,22:25:06,31.4,69.0,11636,14.3,383,101.7,657,5,12,7,6,1,8385,0,0.0,1,1,25,3,3,1,25
2085.2,22:25:08,30.5,69.0,11636,11.3,383,124.4,657,5,12,7,6,1,8397,0,0.0,1,1,25,3,3,1,25
2087.2,22:25:10,31.9,69.0,11644,16.5,383,90.8,657,5,12,7,6,1,8408,0,0.0,1,1,25,3,3,1,25
2089.3,22:25:12,33.4,69.0,11637,9.1,383,110.0,657,5,12,7,6,1,8419,0,0.0,1,1,25,3,3,1,25
2091.4,22:25:14,31.0,69.0,11645,12.9,383,134.7,657,5,12,7,6,1,8430,0,0.0,1,1,25,3,3,1,25
2093.4,22:25:16,29.7,69.0,11644,12.2,383,97.7,657,5,12,7,6,1,8441,0,0.0,1,1,25,3,3,1,25
2095.5,22:25:19,31.3,69.1,11647,8.2,383,95.0,657,5,12,7,6,1,8453,0,0.0,1,1,25,3,3,1,25
2097.6,22:25:21,36.2,69.3,11685,9.9,383,78.3,657,5,12,7,6,1,8465,0,0.0,1,1,25,3,3,1,25
2099.6,22:25:23,34.3,69.2,11678,15.0,383,110.0,657,5,12,7,6,1,8475,0,0.0,1,1,25,3,3,1,25
2101.7,22:25:25,30.6,69.2,11671,11.9,383,116.3,657,5,12,7,6,1,8487,0,0.0,1,1,25,3,3,1,25
2103.8,22:25:27,32.3,69.2,11672,9.7,383,109.0,657,5,12,7,6,1,8498,0,0.0,1,1,25,3,3,1,25
2105.9,22:25:29,31.4,69.1,11661,15.1,383,116.8,657,5,12,7,6,1,8509,0,0.0,1,1,25,3,3,1,25
2108.0,22:25:31,28.7,69.2,11665,10.6,383,102.0,657,5,12,7,6,1,8520,0,0.0,1,1,25,3,3,1,25
2110.2,22:25:33,37.0,69.1,11656,16.1,383,104.5,657,5,12,7,6,1,8531,0,0.0,1,1,25,3,3,1,25
2112.2,22:25:35,30.9,69.2,11675,10.3,383,115.7,731,9,16,7,6,1,8542,0,0.0,1,1,25,3,3,1,25
2114.3,22:25:37,34.8,69.6,11743,7.3,383,124.5,816,9,16,7,8,1,8554,0,0.0,1,1,25,3,3,1,25
2116.5,22:25:40,37.7,72.6,12253,10.2,346,174.0,1208,9,14,7,8,1,8566,0,0.0,1,1,25,3,3,1,25
2118.6,22:25:42,43.0,75.6,12757,14.9,383,188.4,1629,9,16,7,7,1,8578,0,0.0,1,1,25,3,3,1,25
2120.9,22:25:44,35.3,75.5,12737,13.1,383,126.7,1631,9,16,7,12,1,8589,0,0.0,1,1,25,3,3,1,25
2123.1,22:25:46,39.7,75.7,12762,10.4,383,108.8,1631,9,16,7,12,1,8601,0,0.0,1,1,25,3,3,1,25
2125.2,22:25:48,32.4,75.7,12767,9.1,383,136.4,1628,9,16,7,11,1,8612,0,0.0,1,1,25,3,3,1,25
2127.2,22:25:50,32.7,72.6,12251,12.2,383,122.6,1141,7,14,7,9,1,8623,0,0.0,1,1,25,3,3,1,25
2129.3,22:25:52,37.2,72.6,12250,8.1,383,106.1,1178,9,16,7,9,1,8635,0,0.0,1,1,25,3,3,1,25
2131.4,22:25:54,36.4,74.2,12515,10.3,383,148.0,1420,9,16,7,11,1,8647,0,0.0,1,1,25,3,3,1,25
2133.5,22:25:57,36.7,75.5,12738,8.9,383,155.6,1622,9,16,7,12,1,8659,0,0.0,1,1,25,3,3,1,25
2135.6,22:25:59,40.0,75.5,12740,11.9,383,119.2,1622,9,16,7,11,1,8671,0,0.0,1,1,25,3,3,1,25
2137.7,22:26:01,39.2,75.5,12735,9.5,383,125.9,1622,9,16,7,11,1,8682,0,0.0,1,1,25,3,3,1,25
2139.9,22:26:03,37.6,75.5,12738,13.4,383,106.6,1616,9,16,7,10,1,8694,0,0.0,1,1,25,3,3,1,25
2142.0,22:26:05,36.1,75.5,12728,12.9,383,117.4,1616,9,16,7,10,1,8706,0,0.0,1,1,25,3,3,1,25
2144.2,22:26:07,35.9,75.5,12731,8.1,383,121.9,1617,9,16,7,10,1,8717,0,0.0,1,1,25,3,3,1,25
2146.3,22:26:09,37.3,75.5,12731,8.9,383,130.8,1617,9,16,7,10,1,8728,0,0.0,1,1,25,3,3,1,25
2148.4,22:26:11,36.1,75.5,12731,8.1,383,113.5,1617,9,16,7,10,1,8740,0,0.0,1,1,25,3,3,1,25
2150.5,22:26:14,38.7,75.5,12732,17.2,383,108.3,1616,9,16,7,10,1,8752,0,0.0,1,1,25,3,3,1,25
2152.6,22:26:16,36.8,75.5,12727,10.5,383,118.4,1616,9,16,7,10,1,8765,0,0.0,1,1,25,3,3,1,25
2154.8,22:26:18,35.9,75.5,12730,8.9,383,125.0,1616,9,16,7,10,1,8775,0,0.0,1,1,25,3,3,1,25
2157.0,22:26:20,34.2,75.5,12728,12.5,383,133.3,1616,9,16,7,10,1,8787,0,0.0,1,1,25,3,3,1,25
2159.2,22:26:22,36.0,75.5,12730,11.4,383,143.8,1616,9,16,7,10,1,8798,0,0.0,1,1,25,3,3,1,25
2161.4,22:26:24,37.9,75.5,12727,11.8,383,114.2,1616,9,16,7,10,1,8810,0,0.0,1,1,25,3,3,1,25
2163.5,22:26:27,37.8,75.5,12731,13.1,383,112.0,1616,9,16,7,10,1,8821,0,0.0,1,1,25,3,3,1,25
2165.6,22:26:29,37.7,75.4,12722,13.7,383,115.2,1616,9,16,7,10,1,8832,0,0.0,1,1,25,3,3,1,25
2167.7,22:26:31,36.8,75.5,12734,14.6,383,106.1,1616,9,16,7,10,1,8844,0,0.0,1,1,25,3,3,1,25
2169.8,22:26:33,39.5,75.5,12732,12.4,383,116.7,1616,9,16,7,10,1,8855,0,0.0,1,1,25,3,3,1,25
2172.0,22:26:35,34.1,75.5,12742,12.5,383,126.2,1616,9,16,7,10,1,8866,0,0.0,1,1,25,3,3,1,25
2174.1,22:26:37,35.7,75.5,12731,10.8,383,129.1,1615,9,16,7,10,1,8878,0,0.0,1,1,25,3,3,1,25
2176.3,22:26:39,38.0,75.5,12729,9.6,383,110.9,1615,9,16,7,10,1,8889,0,0.0,1,1,25,3,3,1,25
2178.4,22:26:41,37.9,75.5,12731,11.1,383,109.6,1615,9,16,7,10,1,8900,0,0.0,1,1,25,3,3,1,25
2180.5,22:26:44,40.3,75.5,12733,15.5,383,131.5,1616,9,16,7,10,1,8912,0,0.0,1,1,25,3,3,1,25
2182.7,22:26:46,37.4,75.5,12728,13.2,383,82.1,660,5,12,7,10,1,8924,0,0.0,1,1,25,3,3,1,25
2184.8,22:26:48,36.8,69.6,11732,11.0,383,87.2,660,5,12,7,6,1,8935,0,0.0,1,1,25,3,3,1,25
2186.9,22:26:50,34.4,69.6,11735,12.9,383,85.1,660,5,12,7,6,1,8948,0,0.0,1,1,25,3,3,1,25
2189.0,22:26:52,38.7,69.9,11790,15.5,383,85.0,660,5,12,7,6,1,8959,0,0.0,1,1,25,3,3,1,25
2191.2,22:26:54,37.3,69.9,11782,6.6,383,84.4,660,5,12,7,6,1,8970,0,0.0,1,1,25,3,3,1,25
2193.3,22:26:56,36.9,70.0,11805,7.2,383,93.6,697,7,14,7,7,1,8982,0,0.0,1,1,25,3,3,1,25
2195.5,22:26:59,39.3,72.8,12279,11.3,383,144.2,1036,7,14,7,7,1,8994,0,0.0,1,1,25,3,3,1,25
2197.6,22:27:01,38.0,72.8,12287,12.8,383,110.0,1036,7,14,7,8,1,9006,0,0.0,1,1,25,3,3,1,25
2199.7,22:27:03,37.7,72.7,12259,12.5,383,129.7,1036,7,14,7,8,1,9017,0,0.0,1,1,25,3,3,1,25
2201.8,22:27:05,39.7,72.8,12271,10.9,382,111.8,1034,7,14,7,8,1,9030,0,0.0,1,1,25,3,3,1,25
2203.9,22:27:07,35.1,72.7,12260,11.9,382,113.8,1034,7,14,7,8,1,9041,0,0.0,1,1,25,3,3,1,25
2206.0,22:27:09,39.1,67.6,11394,9.6,382,49.5,364,7,14,7,6,1,9053,0,0.0,1,1,25,3,3,1,25
2208.1,22:27:11,38.6,70.4,11870,8.2,382,130.6,850,7,14,7,6,1,9065,0,0.0,1,1,25,3,3,1,25
2210.2,22:27:13,36.9,72.7,12264,11.8,382,51.0,290,3,10,7,6,1,9076,0,0.0,1,1,25,3,3,1,25
2212.3,22:27:15,39.1,66.9,11277,9.2,382,47.9,290,3,10,7,4,1,9088,0,0.0,1,1,25,3,3,1,25
2214.4,22:27:17,35.6,67.1,11309,9.1,382,47.7,290,3,10,7,4,1,9099,0,0.0,1,1,25,3,3,1,25
2216.5,22:27:19,35.5,66.9,11292,8.3,382,41.3,290,3,10,7,4,1,9112,0,0.0,1,1,25,3,3,1,25
2218.5,22:27:22,34.1,67.0,11299,9.6,382,49.8,290,3,10,7,4,1,9123,0,0.0,1,1,25,3,3,1,25
2220.6,22:27:24,35.2,66.9,11292,10.6,382,44.8,290,3,10,7,4,1,9135,0,0.0,1,1,25,3,3,1,25
2222.7,22:27:26,34.4,66.9,11291,12.2,382,38.1,290,3,10,7,4,1,9146,0,0.0,1,1,25,3,3,1,25
2224.8,22:27:28,33.9,67.0,11308,14.1,382,54.7,290,3,10,7,4,1,9157,0,0.0,1,1,26,3,3,1,26
2226.8,22:27:30,31.3,66.9,11284,9.9,382,67.5,290,3,10,7,4,1,9169,0,0.0,1,1,25,3,3,1,25
2228.9,22:27:32,29.7,66.9,11279,16.7,382,78.5,290,3,10,7,4,1,9181,0,0.0,1,1,25,3,3,1,25
2231.0,22:27:34,29.8,66.9,11275,20.4,382,69.4,290,3,10,7,4,1,9192,0,0.0,1,1,25,3,3,1,25
2233.1,22:27:36,35.3,67.6,11396,6.6,382,48.0,290,3,10,7,4,1,9204,0,0.0,1,1,25,3,3,1,25
2235.2,22:27:38,36.8,66.9,11291,11.4,381,50.8,290,3,10,7,4,1,9215,0,0.0,1,1,25,3,3,1,25
2237.2,22:27:40,32.6,66.8,11263,10.6,381,49.2,290,3,10,7,4,1,9227,0,0.0,1,1,25,3,3,1,25
2239.3,22:27:42,28.7,66.8,11275,11.4,382,72.6,290,3,10,7,4,1,9237,0,0.0,1,1,25,3,3,1,25
2241.4,22:27:44,31.0,66.9,11287,16.6,382,65.0,290,3,10,7,4,1,9249,0,0.0,1,1,25,3,3,1,25
2243.4,22:27:46,27.9,66.9,11284,9.1,382,69.8,290,3,10,7,4,1,9260,0,0.0,1,1,25,3,3,1,25
2245.5,22:27:49,33.9,66.9,11282,8.9,382,62.1,290,3,10,7,4,1,9272,0,0.0,1,1,25,3,3,1,25
2247.6,22:27:51,30.4,66.9,11283,6.7,382,64.9,290,3,10,7,4,1,9283,0,0.0,1,1,25,3,3,1,25
2249.7,22:27:53,35.4,66.9,11287,10.6,382,79.3,290,3,10,7,4,1,9293,0,0.0,1,1,25,3,3,1,25
2251.8,22:27:55,34.7,67.0,11305,8.3,382,68.8,290,3,10,7,4,1,9305,0,0.0,1,1,25,3,3,1,25
2253.8,22:27:57,35.6,67.3,11346,11.4,382,59.4,290,3,10,7,4,1,9316,0,0.0,1,1,25,3,3,1,25
2255.9,22:27:59,35.0,67.3,11359,18.1,382,70.2,290,3,10,7,4,1,9327,0,0.0,1,1,25,3,3,1,25
2257.9,22:28:01,37.1,67.3,11357,11.4,382,52.7,290,3,10,7,4,1,9339,0,0.0,1,1,25,3,3,1,25
2260.0,22:28:03,37.4,67.3,11355,10.4,382,68.3,290,3,10,7,4,1,9351,0,0.0,1,1,25,3,3,1,25
2262.1,22:28:05,31.3,67.3,11351,12.2,382,79.5,290,3,10,7,4,1,9363,0,0.0,1,1,25,3,3,1,25
2264.2,22:28:07,33.8,67.3,11356,18.2,382,53.7,290,3,10,7,4,1,9374,0,0.0,1,1,25,3,3,1,25
2266.3,22:28:09,29.1,67.3,11359,14.1,382,64.6,290,3,10,7,4,1,9386,0,0.0,1,1,25,3,3,1,25
2268.4,22:28:11,32.6,67.4,11365,11.2,382,72.6,290,3,10,7,4,1,9398,0,0.0,1,1,25,3,3,1,25
2270.4,22:28:13,30.4,67.8,11439,15.8,382,57.9,290,3,10,7,4,1,9409,0,0.0,1,1,25,3,3,1,25
2272.5,22:28:16,33.2,67.4,11370,10.6,382,73.7,290,3,10,7,4,1,9420,0,0.0,1,1,25,3,3,1,25
2274.6,22:28:18,32.5,67.5,11382,14.5,382,49.3,290,3,10,7,4,1,9431,0,0.0,1,1,25,3,3,1,25
2276.6,22:28:20,33.5,67.3,11344,11.4,382,48.0,290,3,10,7,4,1,9443,0,0.0,1,1,25,3,3,1,25
2278.7,22:28:22,32.8,67.2,11340,13.8,382,63.4,290,3,10,7,4,1,9455,0,0.0,1,1,25,3,3,1,25
2280.7,22:28:24,33.8,67.2,11339,7.6,382,59.0,290,3,10,7,4,1,9467,0,0.0,1,1,25,3,3,1,25
2282.8,22:28:26,32.0,67.2,11333,10.0,382,22.2,290,3,10,7,4,1,9478,0,0.0,1,1,25,3,3,1,25
2284.9,22:28:28,31.9,67.2,11329,13.7,382,58.2,290,3,10,7,4,1,9490,0,0.0,1,1,26,3,3,1,26
2286.9,22:28:30,31.4,67.1,11321,15.9,382,54.6,290,3,10,7,4,1,9501,0,0.0,1,1,25,3,3,1,25
2289.0,22:28:32,28.0,67.2,11333,13.4,382,61.4,290,3,10,7,4,1,9512,0,0.0,1,1,25,3,3,1,25
2291.1,22:28:34,32.3,67.2,11329,15.9,382,67.2,290,3,10,7,4,1,9523,0,0.0,1,1,25,3,3,1,25
2293.1,22:28:36,27.7,67.1,11323,12.2,382,60.7,290,3,10,7,4,1,9535,0,0.0,1,1,25,3,3,1,25
2295.2,22:28:38,32.3,66.7,11246,8.9,291,60.0,186,3,10,7,4,1,9546,0,0.0,1,1,25,3,3,1,25
2297.3,22:28:40,33.8,65.8,11097,10.6,291,47.5,186,3,10,7,4,1,9558,0,0.0,1,1,25,3,3,1,25
2299.3,22:28:42,31.7,65.7,11078,10.4,292,67.2,186,3,10,7,4,1,9569,0,0.0,1,1,25,3,3,1,25
2301.4,22:28:44,28.2,65.7,11078,10.5,292,59.5,186,3,10,7,4,1,9580,0,0.0,1,1,25,3,3,1,25
2303.5,22:28:47,30.8,65.7,11078,12.9,292,67.1,186,3,10,7,4,1,9591,0,0.0,1,1,25,3,3,1,25
2305.6,22:28:49,30.4,65.6,11060,24.9,292,66.5,186,3,10,7,4,1,9602,0,0.0,1,1,25,3,3,1,25
2307.6,22:28:51,33.9,65.6,11063,13.6,292,61.8,186,3,10,7,4,1,9614,0,0.0,1,1,25,3,3,1,25
2309.7,22:28:53,29.1,65.6,11066,8.5,292,57.1,186,3,10,7,4,1,9625,0,0.0,1,1,25,3,3,1,25
2311.8,22:28:55,33.6,65.6,11067,6.9,292,50.7,186,3,10,7,4,1,9637,0,0.0,1,1,25,3,3,1,25
2313.8,22:28:57,31.2,65.6,11060,12.8,292,81.3,186,3,10,7,4,1,9649,0,0.0,1,1,25,3,3,1,25
2315.9,22:28:59,28.9,65.6,11060,12.1,292,61.9,186,3,10,7,4,1,9661,0,0.0,1,1,26,3,3,1,26
2318.0,22:29:01,30.8,68.8,11608,19.1,293,54.1,186,3,10,7,4,1,9671,0,0.0,1,1,25,3,3,1,25
2320.0,22:29:03,32.6,71.5,12062,9.1,293,46.4,186,3,10,7,4,1,9683,0,0.0,1,1,25,3,3,1,25
2322.1,22:29:05,30.1,71.6,12074,8.4,293,62.3,186,3,10,7,4,1,9695,0,0.0,1,1,25,3,3,1,25
2324.1,22:29:07,35.2,71.6,12072,14.1,293,65.9,186,3,10,7,4,1,9707,0,0.0,1,1,25,3,3,1,25
2326.2,22:29:09,29.5,71.6,12073,15.1,293,64.1,187,3,10,7,4,1,9719,0,0.0,1,1,25,3,3,1,25
2328.3,22:29:11,31.3,71.6,12073,9.1,293,69.3,187,3,10,7,4,1,9731,0,0.0,1,1,25,3,3,1,25
2330.3,22:29:13,34.8,68.8,11609,13.6,293,43.1,187,3,10,7,4,1,9742,0,0.0,1,1,25,3,3,1,25
2332.4,22:29:15,28.6,68.8,11613,9.1,293,49.7,187,3,10,7,4,1,9754,0,0.0,1,1,25,3,3,1,25
2334.5,22:29:18,27.2,68.9,11614,15.8,293,57.4,187,3,10,7,4,1,9766,0,0.0,1,1,25,3,3,1,25
2336.5,22:29:20,28.3,68.5,11551,11.7,293,63.4,187,3,10,7,4,1,9778,0,0.0,1,1,25,3,3,1,25
2338.7,22:29:22,31.2,68.5,11549,14.1,293,58.4,187,3,10,7,4,1,9790,0,0.0,1,1,25,3,3,1,25
2340.7,22:29:24,29.8,68.5,11546,13.7,293,62.1,187,3,10,7,4,1,9801,0,0.0,1,1,25,3,3,1,25
2342.8,22:29:26,28.8,68.5,11548,18.3,293,62.3,187,3,10,7,4,1,9813,0,0.0,1,1,25,3,3,1,25
2344.9,22:29:28,28.5,68.5,11545,14.5,293,60.3,187,3,10,7,4,1,9824,0,0.0,1,1,25,3,3,1,25
2346.9,22:29:30,32.9,68.4,11545,15.3,293,71.7,187,3,10,7,4,1,9836,0,0.0,1,1,25,3,3,1,25
2349.0,22:29:32,31.5,68.5,11547,15.7,293,62.8,187,3,10,7,4,1,9847,0,0.0,1,1,25,3,3,1,25
2351.0,22:29:34,35.2,68.6,11567,15.1,292,37.8,186,3,10,7,4,1,9859,0,0.0,1,1,25,3,3,1,25
2353.1,22:29:36,34.1,68.3,11526,9.0,292,54.5,186,3,10,7,4,1,9871,0,0.0,1,1,25,3,3,1,25
2355.2,22:29:38,35.5,68.5,11551,11.5,292,63.3,186,3,10,7,4,1,9882,0,0.0,1,1,25,3,3,1,25
2357.2,22:29:40,31.2,68.5,11558,16.6,293,56.5,186,3,10,7,4,1,9893,0,0.0,1,1,25,3,3,1,25
2359.3,22:29:42,30.6,68.5,11558,13.6,293,64.4,186,3,10,7,4,1,9904,0,0.0,1,1,25,3,3,1,25
2361.4,22:29:44,31.4,68.5,11562,11.4,293,43.5,186,3,10,7,4,1,9915,0,0.0,1,1,25,3,3,1,25
2363.4,22:29:46,33.4,68.6,11571,6.1,293,35.8,186,3,10,7,4,1,9927,0,0.0,1,1,25,3,3,1,25
2365.5,22:29:49,33.1,68.6,11575,13.6,293,39.3,186,3,10,7,4,1,9939,0,0.0,1,1,25,3,3,1,25
2367.6,22:29:51,35.3,68.5,11559,10.3,293,36.5,186,3,10,7,4,1,9951,0,0.0,1,1,25,3,3,1,25
2369.7,22:29:53,32.0,68.5,11558,12.8,293,50.5,186,3,10,7,4,1,9963,0,0.0,1,1,25,3,3,1,25
2371.7,22:29:55,36.7,68.5,11556,11.9,293,46.2,186,3,10,7,4,1,9975,0,0.0,1,1,25,3,3,1,25
2373.8,22:29:57,35.7,68.5,11559,12.0,293,43.7,186,3,10,7,4,1,9987,0,0.0,1,1,25,3,3,1,25
2375.9,22:29:59,36.3,71.1,11997,9.8,293,40.1,186,3,10,7,4,1,9999,0,0.0,1,1,25,3,3,1,25
2378.0,22:30:01,34.3,71.2,12008,8.3,293,52.0,186,3,10,7,4,1,10010,0,0.0,1,1,25,3,3,1,25
2380.0,22:30:03,33.8,71.1,11995,9.2,293,44.8,186,3,10,7,4,1,10022,0,0.0,1,1,25,3,3,1,25
2382.1,22:30:05,34.4,71.1,12000,8.1,293,46.5,186,3,10,7,4,1,10033,0,0.0,1,1,25,3,3,1,25
2384.2,22:30:07,35.1,71.1,11999,15.1,293,37.0,186,3,10,7,4,1,10045,0,0.0,1,1,25,3,3,1,25
2386.3,22:30:09,36.1,68.8,11599,11.9,293,50.9,186,3,10,7,4,1,10057,0,0.0,1,1,25,3,3,1,25
2388.4,22:30:11,34.5,68.8,11605,10.6,293,47.6,186,3,10,7,4,1,10068,0,0.0,1,1,25,3,3,1,25
2390.4,22:30:13,36.6,68.8,11605,8.4,293,57.7,186,3,10,7,4,1,10080,0,0.0,1,1,25,3,3,1,25
2392.5,22:30:16,34.4,68.9,11617,11.1,293,54.3,186,3,10,7,4,1,10092,0,0.0,1,1,25,3,3,1,25
2394.6,22:30:18,33.0,68.5,11553,10.3,293,54.0,186,3,10,7,4,1,10103,0,0.0,1,1,25,3,3,1,25
2396.7,22:30:20,30.8,68.5,11550,12.0,293,70.1,186,3,10,7,4,1,10115,0,0.0,1,1,25,3,3,1,25
2398.8,22:30:22,31.6,68.5,11548,16.7,293,65.9,187,3,10,7,4,1,10126,0,0.0,1,1,25,3,3,1,25
2400.8,22:30:24,34.3,71.1,11990,10.6,293,55.3,187,3,10,7,4,1,10137,0,0.0,1,1,25,3,3,1,25
2402.9,22:30:26,37.8,71.2,12007,11.3,293,49.8,187,3,10,7,4,1,10149,0,0.0,1,1,25,3,3,1,25
2405.0,22:30:28,28.7,71.2,12003,11.2,293,65.9,187,3,10,7,4,1,10162,0,0.0,1,1,25,3,3,1,25
2407.1,22:30:30,33.0,65.7,11079,20.5,293,56.3,187,3,10,7,4,1,10173,0,0.0,1,1,25,3,3,1,25
2409.1,22:30:32,34.4,65.7,11073,13.6,293,66.8,187,3,10,7,4,1,10185,0,0.0,1,1,25,3,3,1,25
2411.2,22:30:34,30.4,65.7,11074,11.3,293,66.3,187,3,10,7,4,1,10197,0,0.0,1,1,25,3,3,1,25
2413.3,22:30:36,35.9,65.6,11072,15.3,293,66.2,187,3,10,7,4,1,10208,0,0.0,1,1,26,3,3,1,26
2415.3,22:30:38,30.3,65.7,11073,21.9,293,51.9,187,3,10,7,4,1,10219,0,0.0,1,1,25,3,3,1,25
2417.4,22:30:40,32.5,65.6,11071,12.1,293,59.7,187,3,10,7,4,1,10230,0,0.0,1,1,25,3,3,1,25
2419.5,22:30:43,32.0,65.8,11095,12.1,293,59.6,187,3,10,7,4,1,10241,0,0.0,1,1,25,3,3,1,25
2421.5,22:30:45,32.4,65.5,11049,13.8,293,58.6,187,3,10,7,4,1,10252,0,0.0,1,1,25,3,3,1,25
2423.6,22:30:47,28.3,65.5,11046,12.2,293,67.8,187,3,10,7,4,1,10263,0,0.0,1,1,25,3,3,1,25
2425.6,22:30:49,30.4,65.5,11044,16.4,293,64.1,187,3,10,7,4,1,10275,0,0.0,1,1,25,3,3,1,25
2427.7,22:30:51,30.9,65.5,11041,10.7,293,62.5,187,3,10,7,4,1,10286,0,0.0,1,1,25,3,3,1,25
2429.8,22:30:53,28.3,65.5,11042,10.5,293,63.2,187,3,10,7,4,1,10299,0,0.0,1,1,25,3,3,1,25
2431.9,22:30:55,34.2,65.5,11043,16.2,293,61.9,187,3,10,7,4,1,10310,0,0.0,1,1,25,3,3,1,25
2434.0,22:30:57,28.3,65.5,11042,10.4,293,66.2,187,3,10,7,4,1,10323,0,0.0,1,1,25,3,3,1,25
2436.1,22:30:59,27.0,65.5,11042,13.6,293,69.5,187,3,10,7,4,1,10334,0,0.0,1,1,25,3,3,1,25
2438.2,22:31:01,33.7,65.6,11059,11.9,294,56.3,260,7,14,7,4,1,10345,0,0.0,1,1,25,3,3,1,25
2440.4,22:31:03,36.1,65.8,11099,9.1,294,82.5,302,7,14,7,6,1,10357,0,0.0,1,1,25,3,3,1,25
2442.5,22:31:06,38.5,70.7,11918,16.5,294,147.1,1045,7,14,7,6,1,10369,0,0.0,1,1,25,3,3,1,25
2444.5,22:31:08,35.6,70.8,11946,11.4,294,80.5,1053,7,14,7,8,1,10380,0,0.0,1,1,25,3,3,1,25
2446.6,22:31:10,35.2,70.8,11947,10.4,294,81.3,1053,7,14,7,8,1,10392,0,0.0,1,1,25,3,3,1,25
2448.7,22:31:12,35.6,70.8,11947,8.3,294,82.5,1052,7,14,7,8,1,10404,0,0.0,1,1,25,3,3,1,25
2450.8,22:31:14,34.5,65.5,11049,16.6,294,41.5,188,3,10,7,8,1,10416,0,0.0,1,1,25,3,3,1,25
2452.9,22:31:16,33.4,65.5,11045,15.7,294,41.8,188,3,10,7,4,1,10428,0,0.0,1,1,25,3,3,1,25
2454.9,22:31:18,33.1,65.5,11053,5.2,294,52.8,188,3,10,7,4,1,10439,0,0.0,1,1,25,3,3,1,25
2457.0,22:31:20,32.8,65.5,11045,9.8,294,49.8,188,3,10,7,4,1,10451,0,0.0,1,1,25,3,3,1,25
2459.1,22:31:22,30.0,65.6,11064,9.6,294,65.6,262,7,14,7,4,1,10462,0,0.0,1,1,25,3,3,1,25
2461.2,22:31:24,32.9,65.7,11079,12.2,294,115.2,326,7,14,7,4,1,10473,0,0.0,1,1,25,3,3,1,25
2463.3,22:31:26,34.5,71.0,11982,7.6,294,169.4,1102,7,14,7,6,1,10485,0,0.0,1,1,25,3,3,1,25
2465.3,22:31:28,35.4,71.0,11982,9.6,294,75.7,1102,7,14,7,10,1,10496,0,0.0,1,1,25,3,3,1,25
2467.5,22:31:30,34.6,75.9,12794,12.6,258,99.4,1103,7,12,7,7,1,10508,0,0.0,1,1,25,3,3,1,25
2469.6,22:31:33,41.6,71.3,12030,211.8,335,68.7,1099,7,14,7,7,1,10509,1,1554.0,1,1,25,3,3,1,25
2471.9,22:31:35,37.9,71.3,12028,164.8,335,66.8,1097,7,14,7,8,1,10510,2,1466.8,1,1,25,3,3,1,25
2474.4,22:31:37,38.3,71.9,12131,219.3,330,68.0,1097,7,14,7,8,1,10522,3,1648.7,1,1,25,3,3,1,25
2476.7,22:31:40,36.7,71.2,12010,9.8,330,81.1,1098,7,14,7,8,1,10534,3,1648.7,1,1,25,3,3,1,25
2478.8,22:31:42,34.7,71.2,12005,9.0,330,89.8,1098,7,14,7,8,1,10546,3,1648.7,1,1,25,3,3,1,25
2480.9,22:31:44,35.3,71.2,12002,12.0,330,86.1,1096,7,14,7,8,1,10558,3,1648.7,1,1,25,3,3,1,25
2482.9,22:31:46,34.5,71.1,11998,7.4,330,94.3,1096,7,14,7,8,1,10570,3,1648.7,1,1,25,3,3,1,25
2485.1,22:31:48,35.5,71.2,12004,8.7,330,74.5,1096,7,14,7,8,1,10582,3,1648.7,1,1,25,3,3,1,25
2487.2,22:31:50,32.9,71.1,11997,6.3,330,90.3,1096,7,14,7,8,1,10594,3,1648.7,1,1,25,3,3,1,25
2489.4,22:31:52,36.3,71.1,11997,13.4,330,80.3,1096,7,14,7,8,1,10606,3,1648.7,1,1,25,3,3,1,25
2491.5,22:31:55,34.9,71.2,12001,7.5,330,77.7,1096,7,14,7,8,1,10619,3,1648.7,1,1,25,3,3,1,25
2493.6,22:31:57,36.2,71.2,12002,13.5,330,72.0,1096,7,14,7,8,1,10631,3,1648.7,1,1,25,3,3,1,25
2495.8,22:31:59,37.8,71.2,12012,170.8,335,70.6,1096,7,14,7,8,1,10636,4,1530.5,1,1,25,3,3,1,25
2498.2,22:32:01,35.9,71.2,12007,207.6,335,77.6,1096,7,14,7,8,1,10640,6,1405.9,1,1,25,3,3,1,25
2500.5,22:32:04,37.1,71.1,11994,209.1,335,69.1,1096,7,14,7,8,1,10651,6,1405.9,1,1,25,3,3,1,25
2502.6,22:32:06,36.4,71.1,11997,8.9,336,69.5,1096,7,14,7,8,1,10663,6,1405.9,1,1,25,3,3,1,25
2504.7,22:32:08,32.4,71.1,11995,10.3,336,103.5,1096,7,14,7,8,1,10675,6,1405.9,1,1,25,3,3,1,25
2506.8,22:32:10,33.6,71.1,12000,11.1,336,103.4,1097,7,14,7,8,1,10687,6,1405.9,1,1,25,3,3,1,25
2508.9,22:32:12,35.8,72.0,12139,13.2,336,85.5,1097,7,14,7,8,1,10698,6,1405.9,1,1,25,3,3,1,25
2511.0,22:32:14,39.5,72.6,12247,5.9,336,84.1,1097,7,14,7,8,1,10710,6,1405.9,1,1,25,3,3,1,25
2513.1,22:32:16,37.6,72.4,12214,5.8,336,90.4,1097,7,14,7,8,1,10722,6,1405.9,1,1,25,3,3,1,25
2515.3,22:32:18,37.5,73.2,12338,9.3,336,78.4,1097,7,14,7,8,1,10734,6,1405.9,1,1,25,3,3,1,25
2517.5,22:32:21,35.9,72.9,12294,13.4,336,75.5,1097,7,14,7,8,1,10746,6,1405.9,1,1,25,3,3,1,25
2519.5,22:32:23,36.7,73.1,12324,8.2,336,82.3,1097,7,14,7,8,1,10757,6,1405.9,1,1,25,3,3,1,25
2521.7,22:32:25,39.2,75.0,12650,9.6,336,67.5,1097,7,14,7,8,1,10770,6,1405.9,1,1,25,3,3,1,25
2523.8,22:32:27,38.9,77.8,13122,15.3,337,73.0,1097,7,14,7,8,1,10781,6,1405.9,1,1,25,3,3,1,25
2525.9,22:32:29,40.5,79.1,13345,11.4,337,84.3,1098,7,14,7,9,1,10792,6,1405.9,1,1,25,3,3,1,25
2528.0,22:32:31,37.8,79.3,13381,12.5,337,80.8,1098,7,14,7,9,1,10804,6,1405.9,1,1,25,3,3,1,25
2530.1,22:32:33,39.2,79.4,13395,11.5,337,76.8,1098,7,14,7,9,1,10815,6,1405.9,1,1,25,3,3,1,25
2532.2,22:32:35,40.1,81.1,13682,15.2,337,84.0,1098,7,14,7,10,1,10827,6,1405.9,1,1,25,3,3,1,25
2534.4,22:32:37,38.3,80.8,13635,14.8,338,92.0,1099,7,14,7,10,1,10839,6,1405.9,1,1,28,3,3,1,28
2536.5,22:32:40,33.9,79.1,13346,12.2,338,89.7,1099,7,14,7,10,1,10851,6,1405.9,1,1,25,3,3,1,25
2538.6,22:32:42,35.2,78.9,13301,10.6,338,92.8,1099,7,14,7,10,1,10862,6,1405.9,1,1,25,3,3,1,25
2540.6,22:32:44,32.7,78.8,13298,10.6,338,110.4,1099,7,14,7,10,1,10874,6,1405.9,1,1,25,3,3,1,25
2542.7,22:32:46,33.6,78.2,13182,15.8,338,99.3,1097,7,14,7,10,1,10886,6,1405.9,1,1,25,3,3,1,25
2544.8,22:32:48,33.5,78.1,13181,9.5,338,123.2,1097,7,14,7,10,1,10896,6,1405.9,1,1,25,3,3,1,25
2546.9,22:32:50,34.8,79.2,13365,10.4,337,111.8,1097,7,14,7,10,1,10908,6,1405.9,1,1,25,3,3,1,25
2549.0,22:32:52,31.4,79.2,13365,10.4,337,112.3,1097,7,14,7,10,1,10920,6,1405.9,1,1,25,3,3,1,25
2551.1,22:32:54,31.6,79.3,13368,12.2,337,103.6,1098,7,14,7,10,1,10931,6,1405.9,1,1,25,3,3,1,25
2553.1,22:32:56,33.0,78.1,13181,11.9,337,85.5,1098,7,14,7,10,1,10942,6,1405.9,1,1,25,3,3,1,25
2555.2,22:32:58,33.8,78.1,13176,15.3,337,109.8,1097,7,14,7,10,1,10953,6,1405.9,1,1,25,3,3,1,25
2557.3,22:33:00,38.2,78.1,13180,197.7,338,80.5,1098,7,14,7,10,1,10956,7,1357.7,1,1,25,3,3,1,25
2559.6,22:33:03,39.1,78.1,13176,229.3,338,66.9,1098,7,14,7,10,1,10958,9,1324.1,1,1,25,3,3,1,25
2562.0,22:33:05,38.6,78.1,13165,233.8,333,70.4,1098,7,14,7,10,1,10962,11,1298.6,1,1,25,3,3,1,25
2564.2,22:33:07,39.1,78.3,13213,153.9,333,77.2,1097,7,14,7,10,1,10974,11,1298.6,1,1,25,3,3,1,25
2566.5,22:33:10,35.4,78.1,13172,8.4,333,81.1,1097,7,14,7,10,1,10985,11,1298.6,1,1,25,3,3,1,25
2568.6,22:33:12,36.2,78.1,13170,7.4,333,94.0,1097,7,14,7,10,1,10997,11,1298.6,1,1,25,3,3,1,25
2570.7,22:33:14,39.8,78.1,13176,14.8,333,79.3,1098,7,14,7,10,1,11009,11,1298.6,1,1,25,3,3,1,25
2572.8,22:33:16,37.1,78.1,13179,9.3,333,68.9,1098,7,14,7,10,1,11021,11,1298.6,1,1,25,3,3,1,25
2574.8,22:33:18,35.4,78.1,13175,4.6,333,78.6,1098,7,14,7,10,1,11033,11,1298.6,1,1,25,3,3,1,25
2576.8,22:33:20,40.2,78.1,13178,9.2,333,94.9,1098,7,14,7,10,1,11044,11,1298.6,1,1,25,3,3,1,25
2578.9,22:33:22,35.9,78.2,13190,8.5,333,80.8,1098,7,14,7,10,1,11056,11,1298.6,1,1,25,3,3,1,25
2580.9,22:33:24,34.9,78.1,13178,3.8,333,67.0,1098,7,14,7,10,1,11068,11,1298.6,1,1,25,3,3,1,25
2582.9,22:33:26,32.7,78.1,13171,12.3,333,98.1,1098,7,14,7,10,1,11080,11,1298.6,1,1,25,3,3,1,25
2584.9,22:33:28,37.0,78.1,13169,10.0,332,73.1,1098,7,14,7,10,1,11091,11,1298.6,1,1,25,3,3,1,25
2587.0,22:33:30,36.0,77.9,13146,9.2,332,100.6,1098,7,14,7,10,1,11102,11,1298.6,1,1,25,3,3,1,25
2589.0,22:33:32,40.8,78.1,13174,13.1,333,92.3,1098,7,14,7,10,1,11113,11,1298.6,1,1,25,3,3,1,25
2591.0,22:33:34,36.5,78.1,13171,6.9,333,92.1,1098,7,14,7,10,1,11124,11,1298.6,1,1,25,3,3,1,25
2593.1,22:33:36,45.0,78.1,13176,151.6,334,58.4,1099,7,14,7,10,1,11137,13,1105.6,1,1,26,4,3,1,26
2595.1,22:33:38,89.6,78.1,13173,878.7,335,79.3,1099,7,14,7,10,1,11148,23,642.2,1,1,26,4,3,1,26
2597.1,22:33:40,51.5,77.9,13135,237.2,327,63.9,1095,7,14,7,10,1,11160,24,617.0,1,1,26,4,3,1,26
2599.2,22:33:42,72.5,77.8,13119,597.4,328,66.9,1094,7,14,7,10,1,11172,32,471.7,1,1,27,4,3,1,27
2601.2,22:33:44,84.2,77.8,13119,757.8,332,71.3,1093,7,14,7,10,1,11184,40,385.5,1,1,27,4,3,1,27
2603.3,22:33:46,37.6,77.8,13124,7.7,332,75.6,1093,7,14,7,10,1,11196,40,385.5,1,1,27,4,3,1,27
2605.3,22:33:48,40.8,77.8,13129,10.8,335,68.5,1093,7,14,7,10,1,11208,40,385.5,1,1,27,4,3,1,27
2607.3,22:33:50,36.6,77.8,13122,6.2,335,67.4,1093,7,14,7,10,1,11219,40,385.5,1,1,27,4,3,1,27
2609.4,22:33:52,39.3,77.8,13126,10.0,335,79.3,1094,7,14,7,10,1,11231,40,385.5,1,1,27,4,3,1,27
2611.4,22:33:54,36.3,77.8,13126,12.3,335,73.1,1094,7,14,7,10,1,11242,40,385.5,1,1,27,4,4,1,27
2613.5,22:33:57,41.1,77.6,13095,10.0,335,65.0,1094,7,14,7,10,1,11253,40,385.5,1,1,27,4,4,1,27
2615.5,22:33:59,36.9,77.6,13097,7.8,335,70.2,1094,7,14,7,10,1,11265,40,385.5,1,1,27,4,4,1,27
2617.5,22:34:01,39.2,77.2,13024,10.0,335,71.4,1094,7,14,7,10,1,11277,40,385.5,1,1,27,4,4,1,27
2619.6,22:34:03,40.2,73.6,12408,8.5,335,63.9,1094,7,14,7,9,1,11288,40,385.5,1,1,27,4,4,1,27
2621.6,22:34:05,35.3,66.9,11280,3.9,246,0.0,0,0,2,7,8,1,11300,40,385.5,1,1,29,4,4,1,29
